cod_id;endereco_lote_mais_proximo;lat;lon;status
219298049;RUA MARECHAL DEODORO 375, 375, CENTRO;-19.5914325;-46.946968;pendente_geracao
219298157;RUA JOAQUIM ANTONIO DUTRA 630, 630, CENTRO;-19.59144;-46.9462723;pendente_geracao
219298164;RUA GERALDA DETONI 545, 545, SANTA LUZIA;-19.5997738;-46.9466108;pendente_geracao
219298165;RUA MARCELINA CARDOSO 230, 230, SANTA LUZIA;-19.5996249;-46.9461801;pendente_geracao
219298197;RUA PAUL HARRIS 511, 511, JOAO RIBEIRO;-19.6005604;-46.944876;pendente_geracao
219298202;RUA FUNCIONARIO JOAO ROSA 125, 125, CENTRO;-19.5939089;-46.9451678;pendente_geracao
219298203;TRAVESSA DEZ 295, 295, CENTRO;-19.5953479;-46.9449086;pendente_geracao
219298247;AVENIDA IMBIARA 754, 754, JOAO RIBEIRO;-19.6003194;-46.9404218;pendente_geracao
219298278;AVENIDA PREFEITO ARACELY DE PAULA 1514, 1514, CENTRO;-19.5982713;-46.9418651;pendente_geracao
219298283;RUA HEITOR MONTANDON 113, 113, CENTRO;-19.5973238;-46.9417775;pendente_geracao
219298344;RUA RIO BRANCO 762, 762, CENTRO;-19.5963812;-46.94291;pendente_geracao
219298346;RUA JOSE BARBOSA DE CASTRO 495, 495, FERTIZA;-19.6102217;-46.942733;pendente_geracao
219298705;TRAVESSA MONOEL ANTONIO DA SILVA 279, 279, ANDREA;-19.6089651;-46.9217757;pendente_geracao
219298740;RUA SANTO ANTONIO 2540, 2540, ADHEMAR RODRIGUES VALLE;-19.613794;-46.9238349;pendente_geracao
219298741;RUA BENEDITA MARGARIDA DA MOTA 15, 15, ADHEMAR RODRIGUES VALLE;-19.6144087;-46.9237946;pendente_geracao
219298769;RUA JOSE DOS SANTOS 15, 15, SANTO ANTONIO;-19.6052448;-46.9258874;pendente_geracao
219298778;RUA CATAGUASES 92, 92, SANTO ANTONIO;-19.5976391;-46.9250248;pendente_geracao
219298841;RUA ANTONIO PEREIRA DOS SANTOS 18, 18, SANTO ANTONIO;-19.605434;-46.9267762;pendente_geracao
219384811;RUA ANTONIO DA CUNHA FILHO 23, 23, SANTO ANTONIO;-19.6056988;-46.9281996;pendente_geracao
219384871;RUA JOSE VAZ DA SILVA 730, 730, SANTO ANTONIO;-19.6030846;-46.929379;pendente_geracao
219384927;RUA PADRE ANCHIETA 345, 345, RICA;-19.5872603;-46.9368055;pendente_geracao
219384946;AVENIDA SENADOR MONTANDON 645, 645, CENTRO;-19.5993182;-46.93776;pendente_geracao
219384953;RUA CALIMERIO GUIMARAES 237, 237, CENTRO;-19.59197;-46.9373194;pendente_geracao
219384968;RUA FRANCISCO PORFIRIO 2, 2, CENTRO;-19.5861465;-46.9353817;pendente_geracao
219384969;AVENIDA ARACELY DE PAULA 2320, 2320, CENTRO;-19.5990257;-46.9355642;pendente_geracao
219384989;RUA JOAO VERCOSA 178, 178, SAO PEDRO;-19.5850597;-46.9390094;pendente_geracao
219385020;RUA TEOFILO DOS SANTOS 268, 268, RICA;-19.5855824;-46.9382722;pendente_geracao
219385030;AVENIDA VEREADOR JOAO SENA 296, 296, CENTRO;-19.5881031;-46.9407519;pendente_geracao
219385069;AVENIDA JOAO MOREIRA SALLES 53, 53, PADRE ALAOR;-19.605807;-46.9315943;pendente_geracao
219385071;RUA MARIA RITA DE JESUS 2, 2, DOUTOR PEDRO PEZZUTI;-19.6033204;-46.931822;pendente_geracao
219385112;RUA CALIMERIO GUIMARAES 1645, 1645, DOUTOR PEDRO PEZZUTI;-19.6029683;-46.9318082;pendente_geracao
219385142;RUA CONEGO CASSIANO 914, 914, CENTRO;-19.5948179;-46.9320445;pendente_geracao
219385208;RUA CRISTINO DA SILVA CARDOSO 135, 135, DOUTOR PEDRO PEZZUTI;-19.6016223;-46.9301241;pendente_geracao
219385223;RUA ENGENHEIRO PEDRO RIOS 101, 101, DOUTOR PEDRO PEZZUTI;-19.5969615;-46.9300971;pendente_geracao
219385243;AVENIDA PREFEITO ARACELY DE PAULA 2695, 2695, SANTA TEREZINHA;-19.6011849;-46.9355329;pendente_geracao
219385274;RUA DOUTOR EDMAR CUNHA 407, 407, SANTA TEREZINHA;-19.6069023;-46.9347434;pendente_geracao
219385280;RUA OMAR DUMONT FILHO 135, 135, SANTA TEREZINHA;-19.6031561;-46.9345079;pendente_geracao
219386223;RUA SANTO ANTONIO 2470, 2470, ADHEMAR RODRIGUES VALLE;-19.6125839;-46.9238014;pendente_geracao
219386231;RUA JOSE PEREIRA VALLE 260, 260, SANTO ANTONIO;-19.6120795;-46.9219747;pendente_geracao
219386653;RUA ANTONIO ALVES DA COSTA 300, 300, SAO PEDRO;-19.5842119;-46.9422397;pendente_geracao
219386725;RUA EVARISTO AFONSO BORGES 155, 155, VEREDAS DA CIDADE;-19.6047969;-46.9187617;pendente_geracao
219386800;RUA AUGUSTO FLAVIO DA SILVA 183, 183, ESTANCIA;-19.6064139;-46.9272168;pendente_geracao
219386930;RUA VIRGILIO DE ABREU 511, 511, CENTRO;-19.5988025;-46.9353137;pendente_geracao
219386982;RUA SAMUEL MAGALHAES 110, 110, CENTRO;-19.5983188;-46.935775;pendente_geracao
219387114;RUA DOUTOR EDMAR CUNHA 223, 223, SANTA TEREZINHA;-19.6060415;-46.9366681;pendente_geracao
219387251;RUA MARIA ABADIA BORGES 25, 25, SANTO ANTONIO;-19.60139;-46.923125;pendente_geracao
219654655;RUA FAUSTO CESAR DE OLIVEIRA 170, 170, SANTO ANTONIO;-19.6134915;-46.9200183;pendente_geracao
219654663;RUA HELVECIO TADEU VAZ 175, 175, SANTO ANTONIO;-19.6111936;-46.9194953;pendente_geracao
219654787;RUA ANTONIO PEREIRA VALE 420, 420, SANTO ANTONIO;-19.6144197;-46.9202199;pendente_geracao
219748288;AVENIDA IMBIARA 1385, 1385, SILVERIA;-19.6049316;-46.9399147;pendente_geracao
219991168;RUA JOSE PEREIRA VALLE 150, 150, SANTO ANTONIO;-19.6107258;-46.9218538;pendente_geracao
219991169;RUA OSWALDO LEMOS MARTINS 85, 85, SANTO ANTONIO;-19.6132064;-46.9221788;pendente_geracao
219991731;RUA PADRE ANTONIO MARCIGAGLIA 56, 56, CENTRO;-19.5935788;-46.9422759;pendente_geracao
219991734;RUA ANTONIO ALVES DA COSTA 300, 300, SAO PEDRO;-19.5842662;-46.9422308;pendente_geracao
219991755;RUA ANTONIO BARRETO 224, 224, FERTIZA;-19.6102406;-46.942657;pendente_geracao
219991762;RUA SANTA CRUZ 307, 307, FERTIZA;-19.6116497;-46.9418256;pendente_geracao
219991772;RUA SAO CRISTOVAO 87, 87, SAO CRISTOVAO;-19.5979815;-46.9427766;pendente_geracao
219991778;RUA RIO BRANCO 640, 640, CENTRO;-19.5953049;-46.94304;pendente_geracao
219991783;RUA JOAO MAGALHAES 500, 500, JOAO RIBEIRO;-19.6052064;-46.9437498;pendente_geracao
219991792;RUA JOAO MAGALHAES 103, 103, JOAO RIBEIRO;-19.6016378;-46.9438023;pendente_geracao
219991793;RUA PAUL HARRIS 397, 397, JOAO RIBEIRO;-19.6005531;-46.9438751;pendente_geracao
219991835;RUA VALENTINO ANTONIO SENNO 218, 218, CENTRO;-19.5885735;-46.9465524;pendente_geracao
219991859;AVENIDA JOAO PAULO II 1105, 1105, SANTA LUZIA;-19.59508;-46.947965;pendente_geracao
219991891;RUA MARECHAL DEODORO 280, 280, CENTRO;-19.5914031;-46.9455094;pendente_geracao
219991919;AVENIDA JOAO PAULO II 450, 450, CENTRO;-19.5877021;-46.946113;pendente_geracao
219991920;RUA ELOI TEIXEIRA 71, 71, SANTA LUZIA;-19.5965721;-46.9469822;pendente_geracao
219991938;RUA COROMANDEL 30, 30, JOAO RIBEIRO;-19.6005972;-46.9448097;pendente_geracao
219991945;RUA UBERABA 317, 317, CENTRO;-19.5926526;-46.9452289;pendente_geracao
219991947;RUA FUNCIONARIO JOAO ROSA 125, 125, CENTRO;-19.5938727;-46.9451674;pendente_geracao
219991950;RUA PERDIZES 48, 48, CENTRO;-19.5894704;-46.9437992;pendente_geracao
219991956;RUA CAPITAO JOSE PORFIRIO 612, 612, CENTRO;-19.587455;-46.9438894;pendente_geracao
219991958;AVENIDA VEREADOR JOAO SENA 764, 764, CENTRO;-19.5858027;-46.9438218;pendente_geracao
219992133;AVENIDA JOAQUIM BENEVIDES DE AVILA 25, 25, JOSE FERREIRA GUIMARAES;-19.6039669;-46.9212111;pendente_geracao
219992141;RUA GILDO DUTRA 335, 335, VEREDAS DA CIDADE;-19.6023264;-46.9174837;pendente_geracao
219992263;RUA JOSE JUSTINO CORNELIO 308, 308, ESTANCIA;-19.6100929;-46.9278231;pendente_geracao
219992280;RUA SANTO ANTONIO 800, 800, SANTO ANTONIO;-19.6036743;-46.9266122;pendente_geracao
219992299;RUA ANTONIO PEREIRA DOS SANTOS 18, 18, SANTO ANTONIO;-19.6054608;-46.9268051;pendente_geracao
219992322;RUA AURELIO CANDIDO DE OLIVEIRA 125, 125, ODILON JOSE CARNEIRO;-19.5958395;-46.9269002;pendente_geracao
219992334;AVENIDA CAPITAO BELARMINO DE PAULA MACHADO 341, 341, SANTO ANTONIO;-19.6008892;-46.9285712;pendente_geracao
219992380;AVENIDA DIVINO ALVES FERREIRA 380, 380, PADRE ALAOR;-19.6079681;-46.9288558;pendente_geracao
219992406;RUA JOAO DAVID 180, 180, SANTO ANTONIO;-19.5998489;-46.9227922;pendente_geracao
219992424;RUA SANTO ANTONIO 2540, 2540, ADHEMAR RODRIGUES VALLE;-19.6138218;-46.9237685;pendente_geracao
219992426;RUA CARLOS RALLO 145, 145, MANGUEIRA I;-19.6034512;-46.9238167;pendente_geracao
219992505;RUA SANTO ANTONIO 923, 923, ANDREA;-19.6051817;-46.9258676;pendente_geracao
219992526;RUA JOAO PEREIRA JUNIOR 35, 35, ANDREA;-19.6040252;-46.9250531;pendente_geracao
219992572;AVENIDA JOAO MOREIRA SALLES 210, 210, LEDA BARCELOS;-19.607541;-46.931615;pendente_geracao
219992609;AVENIDA JOAO MOREIRA SALLES 120, 120, LEDA BARCELOS;-19.6057711;-46.9315748;pendente_geracao
219992656;RUA CONEGO CASSIANO 969, 969, CENTRO;-19.5954459;-46.931604;pendente_geracao
219992663;PRACA DOUTOR ALONSO DE AVILA 91, 91, DOUTOR PEDRO PEZZUTI;-19.596693;-46.9307134;pendente_geracao
219992706;RUA DOUTOR EDMAR CUNHA 725, 725, LEDA BARCELOS;-19.6077173;-46.9328658;pendente_geracao
219992780;RUA GIL RODRIGUES 160, 160, SAO VICENTE;-19.6021973;-46.9337816;pendente_geracao
219992792;RUA CONEGO CASSIANO 685, 685, CENTRO;-19.5935903;-46.9336406;pendente_geracao
219992811;AVENIDA PREFEITO ARACELY DE PAULA 2795, 2795, SANTA TEREZINHA;-19.6020366;-46.9361245;pendente_geracao
219992836;RUA DOUTOR FRANKLIN DE CASTRO 528, 528, CENTRO;-19.5933041;-46.9350574;pendente_geracao
219992837;RUA DOUTOR EDMAR CUNHA 407, 407, SANTA TEREZINHA;-19.6068849;-46.934686;pendente_geracao
219992917;RUA JOHNNY NOLLI 15, 15, SAGRADA FAMILIA;-19.601137;-46.9357896;pendente_geracao
219992942;RUA PEDRO DIAS DE CARVALHO 195, 195, SANTA TEREZINHA;-19.6036943;-46.9365352;pendente_geracao
219992957;RUA DOM BOSCO 229, 229, CENTRO;-19.5957645;-46.9389471;pendente_geracao
219992992;RUA MARIANO DE AVILA 290, 290, CENTRO;-19.5934903;-46.9387482;pendente_geracao
220247386;AVENIDA DAMASO DRUMMOND 1395, 1395, CENTRO;-19.5868406;-46.9338269;pendente_geracao
220247543;RUA CLAUDIO JOSE DE FARIA 465, 465, JOAO RIBEIRO;-19.602873;-46.9456949;pendente_geracao
220247635;RUA DIVINO ALVES FERREIRA 75, 75, SANTO ANTONIO;-19.6050658;-46.9299459;pendente_geracao
220247637;RUA DIVINO ALVES FERREIRA 225, 225, SANTO ANTONIO;-19.6068558;-46.928976;pendente_geracao
220316605;RUA DOUTOR EDMAR CUNHA 185, 185, SANTA TEREZINHA;-19.6058005;-46.9372466;pendente_geracao
220638861;RUA HERCULES AFONSO DE OLIVEIRA 175, 175, SANTO ANTONIO;-19.6125723;-46.9198072;pendente_geracao
220638982;SEBASTIAO MOREIRA 50, 50, MANGABEIRAS;-19.6146691;-46.9222438;pendente_geracao
220638987;RUA ANTONIO PEREIRA VALE 420, 420, SANTO ANTONIO;-19.6144553;-46.9202776;pendente_geracao
220780062;RUA ALEXANDRE DUMONT 525, 525, SANTA LUZIA;-19.5950535;-46.947917;pendente_geracao
220780109;RUA GERALDA DETONI 605, 605, SANTA LUZIA;-19.6003989;-46.9464468;pendente_geracao
220780132;RUA FORMIGA 115, 115, SANTA LUZIA;-19.5973959;-46.945143;pendente_geracao
220780172;RUA FUNCIONARIO JOAO ROSA 125, 125, CENTRO;-19.5939547;-46.9451111;pendente_geracao
220780178;RUA JOSE BORGES DE ARAUJO 302, 302, SANTA LUZIA;-19.5963361;-46.9454162;pendente_geracao
220780187;RUA DO OURO 236, 236, SAO CRISTOVAO;-19.5977014;-46.9436216;pendente_geracao
220780197;RUA CLAUDIO JOSE DE FARIA 274, 274, JOAO RIBEIRO;-19.6028204;-46.9447125;pendente_geracao
220780239;AVENIDA IMBIARA 1625, 1625, SILVERIA;-19.6085809;-46.9399299;pendente_geracao
220780242;AVENIDA IMBIARA 1493, 1493, SILVERIA;-19.6067655;-46.9398986;pendente_geracao
220780254;RUA BENTO ANTONIO 149, 149, CENTRO;-19.5859749;-46.9412506;pendente_geracao
220780281;RUA CASSIANO LEMOS 241, 241, CENTRO;-19.5897932;-46.9415061;pendente_geracao
220780284;AVENIDA IMBIARA 416, 416, CENTRO;-19.5972715;-46.9407666;pendente_geracao
220853305;RUA DONATO PINHEIRO DOS SANTOS 378, 378, JOAO RIBEIRO;-19.6052524;-46.9436742;pendente_geracao
220853325;RUA RIO BRANCO 416, 416, CENTRO;-19.5934327;-46.9432558;pendente_geracao
220853333;RUA PADRE ANTONIO MARCIGAGLIA 56, 56, CENTRO;-19.5935795;-46.9422091;pendente_geracao
220853340;RUA RUA SELDA DE CASTRO ALVES 155, 155, FERTIZA;-19.6092884;-46.9421594;pendente_geracao
220853365;RUA ZECA DO ALFREDO 350, 350, JOAO RIBEIRO;-19.6044285;-46.9430161;pendente_geracao
220853633;RUA GERALDA RUFINO BORGES 370, 370, VEREDAS DA CIDADE;-19.6028368;-46.9170513;pendente_geracao
220853658;RUA ANA GERTRUDES DE SOUZA 30, 30, SANTO ANTONIO;-19.6011297;-46.9246661;pendente_geracao
220853712;RUA TUPI 276, 276, SANTO ANTONIO;-19.6007269;-46.9251664;pendente_geracao
220853714;AVENIDA CASSIANO DE PAULA NASCIMENTO 285, 285, SANTO ANTONIO;-19.6031554;-46.9253002;pendente_geracao
220853715;RUA NOEL FERREIRA BARBOSA 20, 20, ESTANCIA;-19.6090825;-46.9260094;pendente_geracao
220853752;RUA JOAO DAVID 180, 180, SANTO ANTONIO;-19.5999213;-46.9227834;pendente_geracao
220853823;AVENIDA WILSON BORGES 485, 485, SANTO ANTONIO;-19.6008492;-46.9297717;pendente_geracao
220853863;AVENIDA WILSON BORGES 100, 100, DOUTOR PEDRO PEZZUTI;-19.5969573;-46.9296491;pendente_geracao
220853868;PRACA JUCA FREDERICO 510, 510, SANTO ANTONIO;-19.600845;-46.9284849;pendente_geracao
220853880;RUA AURELIO CANDIDO DE OLIVEIRA 125, 125, ODILON JOSE CARNEIRO;-19.5957945;-46.9268901;pendente_geracao
220853899;RUA MANOEL AMANCIO DA COSTA 20, 20, SANTO ANTONIO;-19.6051099;-46.9283642;pendente_geracao
220853918;RUA FERREIRA BENFICA 14, 14, ESTANCIA;-19.6065766;-46.9280481;pendente_geracao
220853931;PRACA JUCA FREDERICO 30, 30, SANTO ANTONIO;-19.6012355;-46.9282893;pendente_geracao
220853936;RUA JOSE JUSTINO CORNELIO 308, 308, ESTANCIA;-19.6101296;-46.9277758;pendente_geracao
220853952;RUA SANTO ANTONIO 532, 532, SANTO ANTONIO;-19.6015741;-46.9270352;pendente_geracao
220853986;RUA JOVINO AUGUSTO DA SILVA 185, 185, ADHEMAR RODRIGUES VALLE;-19.6130076;-46.92557;pendente_geracao
220854017;RUA LUIZ COLOMBO 617, 617, SAGRADA FAMILIA;-19.6028313;-46.9378307;pendente_geracao
220854035;RUA PADRE JOSE PIASEK 323, 323, SAGRADA FAMILIA;-19.6023913;-46.9384259;pendente_geracao
220854043;RUA ALMEIDA CAMPOS 220, 220, CENTRO;-19.594058;-46.9372014;pendente_geracao
220854046;AVENIDA PREFEITO ARACELY DE PAULA 3015, 3015, SANTA TEREZINHA;-19.6041511;-46.9377416;pendente_geracao
220854061;RUA LIMIRIO AFONSO 48, 48, CENTRO;-19.5914483;-46.9362743;pendente_geracao
220854064;AVENIDA GETULIO VARGAS 622, 622, CENTRO;-19.5972394;-46.9361911;pendente_geracao
220854143;AVENIDA PREFEITO ARACELY DE PAULA 3145, 3145, SANTA TEREZINHA;-19.6052262;-46.9385647;pendente_geracao
220854147;RUA LUIZ COLOMBO 901, 901, SAGRADA FAMILIA;-19.6047982;-46.939732;pendente_geracao
220854148;RUA DOM BOSCO 229, 229, CENTRO;-19.5957742;-46.9388804;pendente_geracao
220854171;RUA SAO LUIZ 294, 294, CENTRO;-19.5993426;-46.9338047;pendente_geracao
220854179;RUA GIL RODRIGUES 160, 160, SAO VICENTE;-19.6021889;-46.9337243;pendente_geracao
220854215;RUA PRESIDENTE OLEGARIO MACIEL 1552, 1552, SANTA TEREZINHA;-19.6027994;-46.9323971;pendente_geracao
220854229;AVENIDA GETULIO VARGAS 850, 850, CENTRO;-19.5986564;-46.9346162;pendente_geracao
220854268;AVENIDA SENADOR MONTANDON 187, 187, CENTRO;-19.5957868;-46.9351919;pendente_geracao
220854275;RUA PRESIDENTE OLEGARIO MACIEL 544, 544, CENTRO;-19.5944302;-46.936186;pendente_geracao
220854361;RUA DORVALINO PEREIRA BORGES 222, 222, DOUTOR PEDRO PEZZUTI;-19.5989636;-46.9312457;pendente_geracao
220855403;RUA ANTONIO BARRETO 326, 326, FERTIZA;-19.6103836;-46.943631;pendente_geracao
220855406;RUA SELDA DE CASTRO ALVES 486, 486, FERTIZA;-19.6099296;-46.945532;pendente_geracao
220857398;RUA DIVINO ALVES FERREIRA 75, 75, SANTO ANTONIO;-19.6050844;-46.9298985;pendente_geracao
220857400;RUA DIVINO ALVES FERREIRA 225, 225, SANTO ANTONIO;-19.6067836;-46.9289655;pendente_geracao
220857494;RUA WANTUIR BATISTA DA COSTA 110, 110, JOAO RIBEIRO;-19.6034717;-46.9412793;pendente_geracao
220930795;RUA DOUTOR EDMAR CUNHA 189, 189, SANTA TEREZINHA;-19.6058457;-46.9372377;pendente_geracao
220930805;RUA MARIA ABADIA BORGES 25, 25, SANTO ANTONIO;-19.6012992;-46.9231716;pendente_geracao
220930873;RUA SANTO ANTONIO 2510, 2510, ADHEMAR RODRIGUES VALLE;-19.6132074;-46.9237802;pendente_geracao
221095894;AVENIDA PREFEITO ARACELY DE PAULA 2775, 2775, SANTA TEREZINHA;-19.6019734;-46.9361237;pendente_geracao
221528461;RUA HELVECIO TADEU VAZ 175, 175, SANTO ANTONIO;-19.611229;-46.9195625;pendente_geracao
221528611;DORVALINA DE MELO PEREIRA 50, 50, MANGABEIRAS;-19.6146955;-46.9223109;pendente_geracao
221621571;RUA IPIAO 400, 400, CENTRO;-19.5913518;-46.9469098;pendente_geracao
221621629;RUA FORMIGA 115, 115, SANTA LUZIA;-19.5974414;-46.9451149;pendente_geracao
221621656;RUA ELOI TEIXEIRA 71, 71, SANTA LUZIA;-19.5965458;-46.9469056;pendente_geracao
221621680;RUA ANTONIO BARRETO 490, 490, FERTIZA;-19.6107819;-46.9452372;pendente_geracao
221621719;AVENIDA IMBIARA 1142, 1142, JOAO RIBEIRO;-19.603429;-46.9402113;pendente_geracao
221621750;AVENIDA VEREADOR JOAO SENA 530, 530, CENTRO;-19.5870391;-46.9422545;pendente_geracao
221621780;RUA IMBIACA 157, 157, CENTRO;-19.5858934;-46.9412687;pendente_geracao
221621784;RUA CARVALHO LOPES 0, 0, CENTRO;-19.5906978;-46.9422222;pendente_geracao
221621786;RUA ANGELA MARQUES TORRES 142, 142, CENTRO;-19.591338;-46.9414865;pendente_geracao
221621789;RUA CARVALHO LOPES 244, 244, CENTRO;-19.5896667;-46.9415045;pendente_geracao
221621793;RUA SANTA CRUZ 307, 307, FERTIZA;-19.6116865;-46.9417688;pendente_geracao
221621813;RUA ANTONIO BARRETO 306, 306, FERTIZA;-19.6104296;-46.9435648;pendente_geracao
221621821;RUA ANTONIO CASTRO ALVES 130, 130, FERTIZA;-19.6085733;-46.9431421;pendente_geracao
221621831;RUA ZECA DO ALFREDO 300, 300, JOAO RIBEIRO;-19.6036792;-46.9429785;pendente_geracao
221621843;RUA SEBASTIAO SANTIAGO 207, 207, FERTIZA;-19.6077577;-46.9433802;pendente_geracao
221621858;RUA CELIDONIO AFONSECA E SILVA 415, 415, JOAO RIBEIRO;-19.6044845;-46.9436935;pendente_geracao
221621906;AVENIDA WILSON BORGES 100, 100, DOUTOR PEDRO PEZZUTI;-19.5970301;-46.9296023;pendente_geracao
221621911;RUA JOSE RIBEIRO 215, 215, PADRE ALAOR;-19.6082139;-46.9295164;pendente_geracao
221703528;RUA ANTONIO TEIXEIRA VALLE 55, 55, PADRE ALAOR;-19.6057037;-46.9311164;pendente_geracao
221703537;RUA JUCA GONCALVES 970, 970, SANTO ANTONIO;-19.6050561;-46.9283254;pendente_geracao
221703589;PRACA JUCA FREDERICO 30, 30, SANTO ANTONIO;-19.601299;-46.9282615;pendente_geracao
221703590;PRACA PADRE ANACLETO 872, 872, SANTO ANTONIO;-19.6043686;-46.9267253;pendente_geracao
221703635;RUA TUPI 365, 365, SANTO ANTONIO;-19.6010755;-46.9246654;pendente_geracao
221703656;RUA ARGENITA 445, 445, MANGUEIRA I;-19.6034595;-46.9238931;pendente_geracao
221703693;RUA BALTAZAR FERREIRA RIBEIRO 279, 279, NOVO SANTO ANTONIO;-19.6089477;-46.9217183;pendente_geracao
221703714;RUA JOVINO AUGUSTO DA SILVA 185, 185, ADHEMAR RODRIGUES VALLE;-19.6129446;-46.9255406;pendente_geracao
221704074;RUA URBANO VILELA 481, 481, SAGRADA FAMILIA;-19.6018812;-46.9363038;pendente_geracao
221704089;RUA CALIMERIO GUIMARAES 376, 376, CENTRO;-19.5929481;-46.936254;pendente_geracao
221704101;AVENIDA ARACELY DE PAULA 2500, 2500, CENTRO;-19.5994317;-46.9356072;pendente_geracao
221704111;AVENIDA ARACELY DE PAULA 2600, 2600, CENTRO;-19.6000631;-46.935691;pendente_geracao
221704119;RUA LUIZ COLOMBO 617, 617, SAGRADA FAMILIA;-19.6027961;-46.9377445;pendente_geracao
221704143;RUA DOM JOSE GASPAR 383, 383, CENTRO;-19.5940841;-46.9372875;pendente_geracao
221704190;RUA TIO ANIBAL 80, 80, SILVERIA;-19.6087884;-46.9391127;pendente_geracao
221704198;AVENIDA SENADOR MONTANDON 815, 815, SAGRADA FAMILIA;-19.6014848;-46.9395684;pendente_geracao
221704226;RUA BOM JARDIM 95, 95, CENTRO;-19.5874041;-46.9402289;pendente_geracao
221704240;AVENIDA IMBIARA 1755, 1755, SILVERIA;-19.609337;-46.9401678;pendente_geracao
221704428;AVENIDA PREFEITO ARACELY DE PAULA 2695, 2695, SANTA TEREZINHA;-19.6011858;-46.9354471;pendente_geracao
221704449;RUA OMAR DUMONT FILHO 135, 135, SANTA TEREZINHA;-19.6031479;-46.9344317;pendente_geracao
221704451;AVENIDA GETULIO VARGAS 850, 850, CENTRO;-19.5986666;-46.9345115;pendente_geracao
221704460;RUA BELO HORIZONTE 17, 17, CENTRO;-19.5940577;-46.9338559;pendente_geracao
221704497;AVENIDA SENADOR MONTANDON 0, 0, CENTRO;-19.5954912;-46.9349596;pendente_geracao
221705428;RUA OSWALDO LEMOS MARTINS 85, 85, SANTO ANTONIO;-19.6132419;-46.9222364;pendente_geracao
221705429;RUA JOSE PEREIRA VALLE 180, 180, SANTO ANTONIO;-19.6111148;-46.9218012;pendente_geracao
221807163;RUA NOE MOREIRA 70, 70, LEDA BARCELOS;-19.6071333;-46.9325824;pendente_geracao
221807248;RUA TERENCIO PEREIRA 1085, 1085, VEREDAS DA CIDADE;-19.6041941;-46.9210708;pendente_geracao
221807270;RUA WILSON RIBEIRO BORGES 210, 210, VEREDAS DA CIDADE;-19.6047778;-46.9188568;pendente_geracao
221807273;AVENIDA JOAQUIM BENEVIDES DE AVILA 25, 25, JOSE FERREIRA GUIMARAES;-19.6039949;-46.9211161;pendente_geracao
221807338;RUA AUGUSTO FLAVIO DA SILVA 183, 183, ESTANCIA;-19.6064679;-46.9272365;pendente_geracao
221807689;RUA SANTO ANTONIO 2510, 2510, ADHEMAR RODRIGUES VALLE;-19.6131797;-46.9238371;pendente_geracao
221807761;RUA MARIA ABADIA BORGES 25, 25, SANTO ANTONIO;-19.6012893;-46.9232573;pendente_geracao
221892164;RUA GILDO DUTRA 335, 335, VEREDAS DA CIDADE;-19.6022544;-46.9174638;pendente_geracao
221986467;RUA ANA PAULA BALDUINO 300, 300, SANTO ANTONIO;-19.6130319;-46.919908;pendente_geracao
222334591;AVENIDA PREFEITO ARACELY DE PAULA 3025, 3025, SANTA TEREZINHA;-19.6042319;-46.9377903;pendente_geracao
222494431;RUA UBERABA 515, 515, CENTRO;-19.5926102;-46.9466485;pendente_geracao
222494483;RUA BENEDITO REZENDE 559, 559, FERTIZA;-19.6113877;-46.9451778;pendente_geracao
222494485;RUA ANTONIO BARRETO 490, 490, FERTIZA;-19.6107537;-46.9453322;pendente_geracao
222494546;RUA DA CONSOLACAO 437, 437, CENTRO;-19.5876847;-46.946046;pendente_geracao
222494551;RUA GERALDA DETONI 605, 605, SANTA LUZIA;-19.6004263;-46.946409;pendente_geracao
222494561;RUA CENTENARIO DE ARAXA 150, 150, CENTRO;-19.595276;-46.9448792;pendente_geracao
222494562;RUA MODESTO CRISTINO FILHO 0, 0, CENTRO;-19.595494;-46.9456062;pendente_geracao
222494603;RUA PADRE LEAO 107, 107, CENTRO;-19.5932763;-46.9426821;pendente_geracao
222494615;RUA LIMIRIO FLAVIO DA SILVA 545, 545, FERTIZA;-19.6092076;-46.9421203;pendente_geracao
222494638;RUA CARVALHO LOPES 0, 0, CENTRO;-19.5907613;-46.9422039;pendente_geracao
222494639;RUA ANGELA MARQUES TORRES 142, 142, CENTRO;-19.5913298;-46.9414196;pendente_geracao
222494641;PRACA DOUTOR HUGO LEVI 66, 66, CENTRO;-19.5956465;-46.9415191;pendente_geracao
222494653;RUA ZECA DO ALFREDO 350, 350, JOAO RIBEIRO;-19.6044835;-46.9429405;pendente_geracao
222494686;AVENIDA PREFEITO ARACELY DE PAULA 1455, 1455, JOAO RIBEIRO;-19.6005075;-46.9430739;pendente_geracao
222494694;RUA RIO BRANCO 178, 178, CENTRO;-19.5912885;-46.9435637;pendente_geracao
222494709;RUA DONA ADELIA LELIS 95, 95, FERTIZA;-19.6065801;-46.944529;pendente_geracao
222494712;RUA SEBASTIAO SANTIAGO 207, 207, FERTIZA;-19.607704;-46.9433415;pendente_geracao
222494719;RUA LAZARO RIBEIRO DA SILVA 21, 21, SAO CRISTOVAO;-19.5989496;-46.9426263;pendente_geracao
222494723;RUA URBANO VILELA 481, 481, SAGRADA FAMILIA;-19.6018806;-46.936361;pendente_geracao
222494761;RUA MARIANO DE AVILA 10, 10, CENTRO;-19.5916212;-46.9370007;pendente_geracao
222494785;AVENIDA PREFEITO ARACELY DE PAULA 2920, 2920, SAGRADA FAMILIA;-19.6031622;-46.9373009;pendente_geracao
222494803;RUA TEOFILO DOS SANTOS 337, 337, SAO PEDRO;-19.5849871;-46.9390372;pendente_geracao
222494831;AVENIDA IMBIARA 1755, 1755, SILVERIA;-19.6093912;-46.9401684;pendente_geracao
222494834;AVENIDA SENADOR MONTANDON 950, 950, CENTRO;-19.6014841;-46.9396256;pendente_geracao
222494855;RUA LUIZ COLOMBO 901, 901, SAGRADA FAMILIA;-19.6047081;-46.9397024;pendente_geracao
222494879;RUA AUGUSTO LUIZ COELHO 220, 220, SAGRADA FAMILIA;-19.6019341;-46.9389447;pendente_geracao
222494886;RUA BELO HORIZONTE 674, 674, CENTRO;-19.5941121;-46.9338375;pendente_geracao
222494894;RUA CONEGO CASSIANO 29, 29, CENTRO;-19.5937626;-46.933576;pendente_geracao
222494897;RUA PRESIDENTE OLEGARIO MACIEL 774, 774, CENTRO;-19.5961589;-46.9341861;pendente_geracao
222494917;RUA PRESIDENTE OLEGARIO MACIEL 1555, 1555, SAO VICENTE;-19.602872;-46.9323599;pendente_geracao
222494944;RUA CONEGO CASSIANO 969, 969, CENTRO;-19.5954454;-46.9316517;pendente_geracao
222494946;RUA CONEGO CASSIANO 849, 849, CENTRO;-19.5944252;-46.9324402;pendente_geracao
222494964;RUA CALIMERIO GUIMARAES 903, 903, CENTRO;-19.59616;-46.9323941;pendente_geracao
222494993;RUA DORVALINO PEREIRA BORGES 222, 222, DOUTOR PEDRO PEZZUTI;-19.598919;-46.9311975;pendente_geracao
222495051;RUA JUCA TORMIM 490, 490, DOUTOR PEDRO PEZZUTI;-19.6010534;-46.9301077;pendente_geracao
222495069;RUA SALOMAO PEREIRA DE MESQUITA 8, 8, CENTRO;-19.5885564;-46.933876;pendente_geracao
222495113;AVENIDA DAMASO DRUMMOND 1395, 1395, CENTRO;-19.586795;-46.9338644;pendente_geracao
222495122;RUA DOM JOSE GASPAR 711, 711, CENTRO;-19.5958775;-46.9351548;pendente_geracao
222495149;AVENIDA SENADOR MONTANDON 409, 409, CENTRO;-19.5973732;-46.9363547;pendente_geracao
222495164;AVENIDA ARACELY DE PAULA 2470, 2470, CENTRO;-19.5989982;-46.9356021;pendente_geracao
222495330;RUA TERENCIO PEREIRA 2120, 2120, NOVO SANTO ANTONIO;-19.6077903;-46.9192929;pendente_geracao
222495469;RUA GUARANI 420, 420, SANTO ANTONIO;-19.6019516;-46.926363;pendente_geracao
222495475;PRACA PADRE ANACLETO 872, 872, SANTO ANTONIO;-19.604333;-46.9266773;pendente_geracao
222495484;RUA TUPI 276, 276, SANTO ANTONIO;-19.6006454;-46.9251846;pendente_geracao
222495517;RUA ANYSIO ROBERTO DA SILVA 200, 200, PRIMAVERAS;-19.6163949;-46.9255818;pendente_geracao
222495590;RUA SANTO ANTONIO 2470, 2470, ADHEMAR RODRIGUES VALLE;-19.612556;-46.9238774;pendente_geracao
222495642;RUA JUCA GONCALVES 770, 770, SANTO ANTONIO;-19.6029871;-46.9283579;pendente_geracao
222495739;AVENIDA WILSON BORGES 0, 0, SANTO ANTONIO;-19.6016085;-46.9297331;pendente_geracao
222495755;RUA CRISTINO DA SILVA CARDOSO 135, 135, DOUTOR PEDRO PEZZUTI;-19.6015871;-46.9300379;pendente_geracao
222495777;RUA ANTONIO TEIXEIRA VALLE 55, 55, PADRE ALAOR;-19.6056317;-46.931087;pendente_geracao
222495779;RUA ANTONIO TEIXEIRA VALLE 95, 95, PADRE ALAOR;-19.6055278;-46.9306759;pendente_geracao
222496661;RUA JOSE PEREIRA VALLE 260, 260, SANTO ANTONIO;-19.6120349;-46.921917;pendente_geracao
222496662;RUA CARMEM DE OLIVEIRA LARA 165, 165, SANTO ANTONIO;-19.6111683;-46.921859;pendente_geracao
222571821;RUA JOSE VELOSO DE PAIVA 140, 140, SANTO ANTONIO;-19.6108126;-46.9213401;pendente_geracao
222573859;RUA JOSE BORGES DE ARAUJO 315, 315, SANTA LUZIA;-19.5963907;-46.9453787;pendente_geracao
222733203;RUA ANTONIO LACERDA 195, 195, CENTRO;-19.5875812;-46.9338357;pendente_geracao
222733204;RUA ANTONIO LACERDA 195, 195, CENTRO;-19.5875535;-46.9338926;pendente_geracao
222733421;RUA CLAUDIO JOSE DE FARIA 465, 465, JOAO RIBEIRO;-19.6028282;-46.9456563;pendente_geracao
222733495;RUA JOAQUIM AUGUSTO DA MOTA 10, 10, PADRE ALAOR;-19.6101956;-46.928358;pendente_geracao
222733576;AVENIDA PREFEITO ARACELY DE PAULA 1070, 1070, JOAO RIBEIRO;-19.6026071;-46.9418695;pendente_geracao
222733609;RUA SAMUEL MAGALHAES 110, 110, CENTRO;-19.5983728;-46.9357947;pendente_geracao
222733901;RUA TIA NICA 193, 193, RICA;-19.5861148;-46.9374876;pendente_geracao
222885011;RUA JOSE SORAGGI 165, 165, VEREDAS DA CIDADE;-19.6052879;-46.918453;pendente_geracao
222886694;RUA ADELIA MARIA REZENDE 115, 115, ODILON JOSE CARNEIRO;-19.5969679;-46.9235967;pendente_geracao
222886699;RUA MARIA ABADIA BORGES 230, 230, JOSE FERREIRA GUIMARAES;-19.5997431;-46.9208655;pendente_geracao
222886700;AVENIDA DAMASO DRUMMOND 0, 0, VEREDAS DA CIDADE;-19.6027825;-46.9170602;pendente_geracao
222888544;AVENIDA PREFEITO ARACELY DE PAULA 3145, 3145, SANTA TEREZINHA;-19.6053259;-46.9385373;pendente_geracao
223045214;RUA CELIDONIO AFONSECA E SILVA 505, 505, JOAO RIBEIRO;-19.6046006;-46.9446481;pendente_geracao
223254756;AVENIDA PREFEITO ARACELY DE PAULA 1165, 1165, JOAO RIBEIRO;-19.6035257;-46.9412991;pendente_geracao
223255298;RUA AMARO PEREIRA GOMES 125, 125, ADHEMAR RODRIGUES VALLE;-19.6120808;-46.9252349;pendente_geracao
223255302;RUA AMARO PEREIRA GOMES 171, 171, ADHEMAR RODRIGUES VALLE;-19.612193;-46.9257224;pendente_geracao
223255425;RUA GERALDA DETONI 210, 210, SANTA LUZIA;-19.5971573;-46.9471702;pendente_geracao
223255451;RUA VEREADOR JOSE ROSINHA 25, 25, PRIMAVERAS;-19.6163731;-46.9309865;pendente_geracao
223255485;RUA DINICO RIBEIRO DA SILVA 90, 90, ESTANCIA;-19.610144;-46.9281096;pendente_geracao
223323828;RUA CELIDONIO AFONSECA E SILVA 505, 505, JOAO RIBEIRO;-19.6045458;-46.9447046;pendente_geracao
223386813;RUA PORTAL VEREDAS 10, 10, NOVO SANTO ANTONIO;-19.6078088;-46.9192454;pendente_geracao
223390142;AVENIDA JOAO PAULO II 155, 155, CENTRO;-19.5863641;-46.9453726;pendente_geracao
223390149;AVENIDA PREFEITO ARACELY DE PAULA 225, 225, FERTIZA;-19.6114156;-46.9451018;pendente_geracao
223390162;RUA ARAGUARI 9, 9, SANTA LUZIA;-19.5982224;-46.9455628;pendente_geracao
223390175;RUA MODESTO CRISTINO FILHO 0, 0, CENTRO;-19.5954401;-46.945577;pendente_geracao
223390188;PRACA AFONSO GUIMARAES 25, 25, SANTA LUZIA;-19.5980838;-46.9466858;pendente_geracao
223390192;RUA UBERABA 515, 515, CENTRO;-19.5926469;-46.9465918;pendente_geracao
223390302;AVENIDA VEREADOR JOAO SENA 530, 530, CENTRO;-19.5870306;-46.9421973;pendente_geracao
223390374;RUA CLAUDIO JOSE DE FARIA 196, 196, JOAO RIBEIRO;-19.6025165;-46.941897;pendente_geracao
223390377;RUA CAPITAO JOSE PORFIRIO 190, 190, CENTRO;-19.589264;-46.9411566;pendente_geracao
223390383;RUA COSTA SENNA 185, 185, CENTRO;-19.5916037;-46.9428145;pendente_geracao
223390387;PRACA DOUTOR HUGO LEVI 66, 66, CENTRO;-19.5956014;-46.941509;pendente_geracao
223390401;RUA PADRE LEAO 107, 107, CENTRO;-19.593195;-46.9426811;pendente_geracao
223390405;RUA DONA ADELIA LELIS 0, 0, FERTIZA;-19.6066333;-46.9446154;pendente_geracao
223390411;RUA IMBIACA 737, 737, CENTRO;-19.5853932;-46.9432642;pendente_geracao
223390423;RUA JOSE DETONI 173, 173, CENTRO;-19.5945821;-46.9447279;pendente_geracao
223390428;RUA JOSE BARBOSA DE CASTRO 92, 92, FERTIZA;-19.6066621;-46.9436339;pendente_geracao
223390431;RUA JOAO BATISTA FERNANDES 400, 400, JOAO RIBEIRO;-19.6015831;-46.9438493;pendente_geracao
223390434;RUA RIO BRANCO 37, 37, CENTRO;-19.5897897;-46.943498;pendente_geracao
223390435;RUA RIO BRANCO 37, 37, CENTRO;-19.5898175;-46.9434412;pendente_geracao
223390455;RUA CLAUDIO JOSE DE FARIA 395, 395, JOAO RIBEIRO;-19.6026683;-46.9437385;pendente_geracao
223390788;RUA JOSE RIBEIRO 215, 215, PADRE ALAOR;-19.6081245;-46.9294391;pendente_geracao
223390825;RUA OSWALDO DE PAIVA BORGES 55, 55, PADRE ALAOR;-19.6055556;-46.9305999;pendente_geracao
223390844;RUA JOSE VAZ DA SILVA 490, 490, SANTO ANTONIO;-19.6008533;-46.9293905;pendente_geracao
223390846;AVENIDA WILSON BORGES 485, 485, SANTO ANTONIO;-19.600895;-46.9297151;pendente_geracao
223390882;RUA MANOEL AMANCIO DA COSTA 70, 70, SANTO ANTONIO;-19.6053129;-46.9288146;pendente_geracao
223390888;RUA DIVINO ALVES FERREIRA 125, 125, SANTO ANTONIO;-19.6056662;-46.9295623;pendente_geracao
223390933;RUA ANTONIO PEREIRA DOS SANTOS 270, 270, ESTANCIA;-19.6095905;-46.9258153;pendente_geracao
223390976;RUA SANTO ANTONIO 532, 532, SANTO ANTONIO;-19.6016097;-46.9270833;pendente_geracao
223391009;RUA JOSE CARLOS PEDRO GRANDE 1125, 1125, ADHEMAR RODRIGUES VALLE;-19.6135875;-46.9254053;pendente_geracao
223391028;RUA BENEDITA MARGARIDA DA MOTA 15, 15, ADHEMAR RODRIGUES VALLE;-19.6144453;-46.9237473;pendente_geracao
223455472;AVENIDA JOAQUIM PORFIRIO BOTELHO 65, 65, ANDREA;-19.605939;-46.9243229;pendente_geracao
223455496;RUA CATAGUASES 92, 92, SANTO ANTONIO;-19.5976474;-46.9250917;pendente_geracao
223455515;RUA BERNARDO AROEIRA 23, 23, SAGRADA FAMILIA;-19.6030897;-46.9373191;pendente_geracao
223455553;RUA MARIANO DE AVILA 222, 222, CENTRO;-19.5930611;-46.9383332;pendente_geracao
223455588;RUA CLARIMUNDO BATISTA DA COSTA 125, 125, RICA;-19.5850981;-46.937952;pendente_geracao
223455609;RUA MARIANO DE AVILA 0, 0, CENTRO;-19.5943748;-46.9396548;pendente_geracao
223455619;RUA BOM JARDIM 98, 98, CENTRO;-19.5873871;-46.9401333;pendente_geracao
223455620;RUA BOM JARDIM 140, 140, CENTRO;-19.5869466;-46.9399375;pendente_geracao
223455638;RUA MARIO CAMPOS 6, 6, CENTRO;-19.5887105;-46.9380333;pendente_geracao
223455729;RUA BELO HORIZONTE 905, 905, CENTRO;-19.5955525;-46.9317768;pendente_geracao
223455742;RUA CONEGO CASSIANO 849, 849, CENTRO;-19.5945156;-46.9324412;pendente_geracao
223455770;RUA CONEGO CASSIANO 685, 685, CENTRO;-19.5935986;-46.933717;pendente_geracao
223455842;AVENIDA SENADOR MONTANDON 409, 409, CENTRO;-19.5973278;-46.9363732;pendente_geracao
223455860;RUA PRESIDENTE OLEGARIO MACIEL 544, 544, CENTRO;-19.5944221;-46.9361001;pendente_geracao
223455868;RUA DOUTOR FRANKLIN DE CASTRO 238, 238, CENTRO;-19.5915669;-46.9370096;pendente_geracao
223455917;AVENIDA SEBASTIAO AFONSECA E SILVA 0, 0, SANTA TEREZINHA;-19.6019837;-46.9343319;pendente_geracao
223455918;RUA PEPURURE 140, 140, CENTRO;-19.591153;-46.9351746;pendente_geracao
223455919;RUA TEREZINHA NATAL CONTATO 25, 25, CENTRO;-19.5911447;-46.9351078;pendente_geracao
223637493;RUA MARIA ABADIA BORGES 230, 230, JOSE FERREIRA GUIMARAES;-19.5996619;-46.920855;pendente_geracao
223694252;RUA ANA PAULA BALDUINO 300, 300, SANTO ANTONIO;-19.6130764;-46.9199753;pendente_geracao
223694254;RUA HERCULES AFONSO DE OLIVEIRA 175, 175, SANTO ANTONIO;-19.6126169;-46.9198649;pendente_geracao
223694257;RUA JOSE VELOSO DE PAIVA 140, 140, SANTO ANTONIO;-19.610839;-46.9214071;pendente_geracao
223694258;RUA DOUTOR ORLANDO PADOVANI 125, 125, SANTO ANTONIO;-19.6107021;-46.9198422;pendente_geracao
223976748;RUA ARAGUARI 115, 115, SANTA LUZIA;-19.5981026;-46.9466288;pendente_geracao
223976774;RUA GERALDA DETONI 545, 545, SANTA LUZIA;-19.5998276;-46.9466495;pendente_geracao
223976794;RUA DA CONSOLACAO 341, 341, CENTRO;-19.588016;-46.9454782;pendente_geracao
223976894;RUA MANOEL DOS SANTOS 316, 316, FERTIZA;-19.610351;-46.94079;pendente_geracao
223976897;AVENIDA IMBIARA 386, 386, CENTRO;-19.5972089;-46.9407085;pendente_geracao
223976919;AVENIDA VEREADOR JOAO SENA 296, 296, CENTRO;-19.5881755;-46.9407337;pendente_geracao
223976929;RUA DOUTOR BARACUHY 9, 9, CENTRO;-19.587877;-46.9416165;pendente_geracao
223976964;RUA DONATO PINHEIRO DOS SANTOS 316, 316, JOAO RIBEIRO;-19.6051878;-46.9429681;pendente_geracao
223976965;RUA ZECA DO ALFREDO 434, 434, JOAO RIBEIRO;-19.6051341;-46.9429197;pendente_geracao
223976985;RUA CARVALHO LOPES 403, 403, CENTRO;-19.5915316;-46.9428041;pendente_geracao
223977004;RUA IMBIACA 737, 737, CENTRO;-19.5853671;-46.9431685;pendente_geracao
223977006;RUA IMBIACA 629, 629, CENTRO;-19.5854541;-46.9418066;pendente_geracao
223977009;RUA WANTUIR BATISTA DA COSTA 301, 301, JOAO RIBEIRO;-19.6036245;-46.9430255;pendente_geracao
223977028;RUA RIO BRANCO 1575, 1575, SAO CRISTOVAO;-19.5990132;-46.9425984;pendente_geracao
223977036;RUA JOSE DETONI 163, 163, CENTRO;-19.5946189;-46.9446616;pendente_geracao
223977040;RUA IPIAO 169, 169, CENTRO;-19.5855251;-46.9435993;pendente_geracao
223977228;RUA TERENCIO PEREIRA 1774, 1774, SANTO ANTONIO;-19.6051843;-46.9205488;pendente_geracao
223977237;RUA CLARA MARIA DE JESUS 25, 25, VEREDAS DA CIDADE;-19.6069556;-46.9196261;pendente_geracao
223977372;AVENIDA CAPITAO BELARMINO DE PAULA MACHADO 275, 275, SANTO ANTONIO;-19.6008905;-46.9292957;pendente_geracao
223977379;RUA JOAQUIM AUGUSTO DA MOTA 10, 10, PADRE ALAOR;-19.6102495;-46.9283778;pendente_geracao
223977442;RUA FERREIRA BENFICA 14, 14, ESTANCIA;-19.6065953;-46.927991;pendente_geracao
223977463;RUA CONEGO CASSIANO 895, 895, CENTRO;-19.5948094;-46.9319968;pendente_geracao
223977475;RUA ENGENHEIRO PEDRO RIOS 120, 120, DOUTOR PEDRO PEZZUTI;-19.597024;-46.9301741;pendente_geracao
223977557;RUA GUARANI 145, 145, SANTO ANTONIO;-19.5999665;-46.9244711;pendente_geracao
223977601;RUA JOAO PEREIRA JUNIOR 35, 35, ANDREA;-19.6040795;-46.9250443;pendente_geracao
223977629;RUA SANTO ANTONIO 796, 796, SANTO ANTONIO;-19.6036376;-46.9266595;pendente_geracao
223977631;RUA AMARO PEREIRA GOMES 171, 171, ADHEMAR RODRIGUES VALLE;-19.6122468;-46.9257611;pendente_geracao
223977634;RUA JOSE CARLOS PEDRO GRANDE 1125, 1125, ADHEMAR RODRIGUES VALLE;-19.6135336;-46.925376;pendente_geracao
223977688;RUA ANTONIO PEREIRA DOS SANTOS 242, 242, ESTANCIA;-19.6090288;-46.9259611;pendente_geracao
223977693;RUA OSVALDO ALVARO DA SILVA 29, 29, ESTANCIA;-19.6061297;-46.925917;pendente_geracao
223977700;RUA AFONSO PENA 80, 80, PRIMAVERAS;-19.6163231;-46.9255427;pendente_geracao
223977767;RUA ALMEIDA CAMPOS 364, 364, CENTRO;-19.5951664;-46.9382822;pendente_geracao
223977784;RUA TIO ANIBAL 164, 164, SILVERIA;-19.6089574;-46.9385142;pendente_geracao
223977802;AVENIDA IMBIARA 1522, 1522, FERTIZA;-19.6068605;-46.9403096;pendente_geracao
223977816;AVENIDA IMBIARA 1493, 1493, SILVERIA;-19.6067379;-46.9399459;pendente_geracao
223977828;RUA MARIANO DE AVILA 0, 0, CENTRO;-19.5944383;-46.939627;pendente_geracao
223977846;RUA MARIO CAMPOS 6, 6, CENTRO;-19.5887024;-46.937938;pendente_geracao
223977880;RUA JUCA TORMIM 500, 500, DOUTOR PEDRO PEZZUTI;-19.6011264;-46.9300419;pendente_geracao
223977900;AVENIDA JOAO MOREIRA SALLES 690, 690, LEDA BARCELOS;-19.6139114;-46.9314337;pendente_geracao
223977969;RUA NOE MOREIRA 20, 20, LEDA BARCELOS;-19.6076541;-46.932865;pendente_geracao
223977989;RUA CAPITAO IZIDRO 906, 906, CENTRO;-19.5976169;-46.9338412;pendente_geracao
223977999;RUA DEZENOVE DE DEZEMBRO 65, 65, SANTA TEREZINHA;-19.6031681;-46.9325446;pendente_geracao
223978038;RUA SETE DE JANEIRO 70, 70, SAO VICENTE;-19.6021857;-46.9331809;pendente_geracao
223978041;RUA CAPITAO IZIDRO 714, 714, CENTRO;-19.5963172;-46.935427;pendente_geracao
223978079;RUA JOAO MAXIMINIANO 108, 108, CENTRO;-19.5995106;-46.9366662;pendente_geracao
223978098;AVENIDA SEBASTIAO AFONSECA E SILVA 0, 0, SANTA TEREZINHA;-19.6019752;-46.9342841;pendente_geracao
223978114;AVENIDA PREFEITO ARACELY DE PAULA 2705, 2705, SANTA TEREZINHA;-19.6012476;-46.9355813;pendente_geracao
223978120;RUA SALOMAO PEREIRA DE MESQUITA 113, 113, CENTRO;-19.5874711;-46.9348351;pendente_geracao
223979109;RUA SELDA DE CASTRO ALVES 486, 486, FERTIZA;-19.6099848;-46.9454278;pendente_geracao
224017827;AVENIDA VEREADOR JOAO SENA 95, 95, CENTRO;-19.587932;-46.9415409;pendente_geracao
224099634;RUA CLARA MARIA DE JESUS 25, 25, VEREDAS DA CIDADE;-19.6069653;-46.919569;pendente_geracao
224102697;RUA NOE MOREIRA 85, 85, LEDA BARCELOS;-19.6070878;-46.9326105;pendente_geracao
224102790;RUA SAO CRISTOVAO 535, 535, SANTA LUZIA;-19.5971217;-46.9471126;pendente_geracao
224102923;AVENIDA DAMASO DRUMMOND 1285, 1285, CENTRO;-19.5894617;-46.9336866;pendente_geracao
224103055;RUA VIRGILIO DE ABREU 502, 502, CENTRO;-19.5987834;-46.9354089;pendente_geracao
224103099;RUA TERENCIO PEREIRA 1698, 1698, SANTO ANTONIO;-19.6046029;-46.920866;pendente_geracao
224223348;RUA FAUSTO CESAR DE OLIVEIRA 170, 170, SANTO ANTONIO;-19.613536;-46.920076;pendente_geracao
224251420;RUA ADELIA MARIA REZENDE 115, 115, ODILON JOSE CARNEIRO;-19.5970313;-46.9235784;pendente_geracao
224292685;AVENIDA DIVINO ALVES FERREIRA 380, 380, PADRE ALAOR;-19.6079778;-46.9287987;pendente_geracao
224292688;RUA DIVINO ALVES FERREIRA 125, 125, SANTO ANTONIO;-19.6056565;-46.9296194;pendente_geracao
224292769;RUA VIRGILIO DE ABREU 511, 511, CENTRO;-19.5988745;-46.9353432;pendente_geracao
224314495;RUA TIA NICA 193, 193, RICA;-19.5861155;-46.9374209;pendente_geracao
224314592;RUA DOUTOR EDMAR CUNHA 223, 223, SANTA TEREZINHA;-19.6060681;-46.9367161;pendente_geracao
224318063;AVENIDA JOAO PAULO II 249, 249, CENTRO;-19.5886;-46.9466099;pendente_geracao
224318064;RUA IPIAO 120, 120, CENTRO;-19.5880885;-46.94546;pendente_geracao
224318065;RUA PAUL HARRIS 521, 521, JOAO RIBEIRO;-19.6005685;-46.9449618;pendente_geracao
224318067;RUA PAUL HARRIS 363, 363, JOAO RIBEIRO;-19.6005175;-46.943827;pendente_geracao
224318077;RUA CAMPOS ALTOS 289, 289, SANTA LUZIA;-19.5982864;-46.9454968;pendente_geracao
224318093;RUA UBERABA 145, 145, CENTRO;-19.5924547;-46.9434823;pendente_geracao
224318226;AVENIDA IMBIARA 1142, 1142, JOAO RIBEIRO;-19.6033923;-46.9402585;pendente_geracao
224318270;AVENIDA PREFEITO ARACELY DE PAULA 1514, 1514, CENTRO;-19.5982889;-46.941913;pendente_geracao
224318273;RUA HEITOR MONTANDON 113, 113, CENTRO;-19.5973696;-46.9417208;pendente_geracao
224318325;RUA IMBIACA 629, 629, CENTRO;-19.5854643;-46.941702;pendente_geracao
224318347;RUA RIO BRANCO 318, 318, CENTRO;-19.5925191;-46.9433687;pendente_geracao
224318352;RUA JOAQUIM TEODORO DA SILVA 303, 303, FERTIZA;-19.606573;-46.9435185;pendente_geracao
224318356;RUA JOAQUIM TEODORO DA SILVA 371, 371, FERTIZA;-19.6068054;-46.9445697;pendente_geracao
224318361;RUA ZECA DO ALFREDO 180, 180, JOAO RIBEIRO;-19.6026761;-46.9430141;pendente_geracao
224318371;RUA JOAO MAGALHAES 456, 456, JOAO RIBEIRO;-19.6045289;-46.9437608;pendente_geracao
224318386;RUA CLAUDIO JOSE DE FARIA 331, 331, JOAO RIBEIRO;-19.6026211;-46.9430897;pendente_geracao
224318391;RUA DO OURO 306, 306, SAO CRISTOVAO;-19.5985656;-46.9438988;pendente_geracao
224318536;RUA TENENTE WANDERLEY MONTANDOM 120, 120, JOSE FERREIRA GUIMARAES;-19.6028292;-46.9203112;pendente_geracao
224318537;RUA TERENCIO PEREIRA 1690, 1690, SANTO ANTONIO;-19.6046126;-46.9207993;pendente_geracao
224357334;RUA JOSE VAZ DA SILVA 560, 560, SANTO ANTONIO;-19.6015402;-46.9293605;pendente_geracao
224357353;RUA GUILHERME SCARPELINI 114, 114, SANTO ANTONIO;-19.6037013;-46.9283092;pendente_geracao
224357413;RUA CALIMERIO GUIMARAES 1645, 1645, DOUTOR PEDRO PEZZUTI;-19.6029958;-46.9317609;pendente_geracao
224357450;RUA ANTONIO DA CUNHA FILHO 23, 23, SANTO ANTONIO;-19.6057617;-46.928229;pendente_geracao
224357454;RUA MANOEL AMANCIO DA COSTA 70, 70, SANTO ANTONIO;-19.6052498;-46.9287947;pendente_geracao
224357459;RUA DINICO RIBEIRO DA SILVA 90, 90, ESTANCIA;-19.6101896;-46.928072;pendente_geracao
224357519;RUA GUARANI 0, 0, SANTO ANTONIO;-19.6017731;-46.9261702;pendente_geracao
224357563;RUA BENEDITA MARGARIDA DA MOTA 145, 145, ADHEMAR RODRIGUES VALLE;-19.6147561;-46.9250951;pendente_geracao
224357564;RUA BENEDITA MARGARIDA DA MOTA 145, 145, ADHEMAR RODRIGUES VALLE;-19.6147022;-46.9250659;pendente_geracao
224357567;AVENIDA CASSIANO DE PAULA NASCIMENTO 281, 281, SANTO ANTONIO;-19.6030652;-46.9252896;pendente_geracao
224357601;RUA TERENCIO PEREIRA 589, 589, SANTO ANTONIO;-19.5999834;-46.9245761;pendente_geracao
224357653;RUA SANTO ANTONIO 2550, 2550, ADHEMAR RODRIGUES VALLE;-19.6138942;-46.9237599;pendente_geracao
224357706;RUA JOHNNY NOLLI 15, 15, SAGRADA FAMILIA;-19.6011275;-46.9358372;pendente_geracao
224357721;AVENIDA ARACELY DE PAULA 2600, 2600, CENTRO;-19.6000908;-46.9356342;pendente_geracao
224357743;RUA PADRE ANCHIETA 323, 323, RICA;-19.5872686;-46.9368723;pendente_geracao
224357770;RUA IMBIACA 303, 303, CENTRO;-19.5869203;-46.9398609;pendente_geracao
224357784;AVENIDA IMBIARA 1625, 1625, SILVERIA;-19.6086264;-46.9398923;pendente_geracao
224357798;PRACA MARIA BITTAR DE REZENDE 200, 200, SAO PEDRO;-19.5860115;-46.9386968;pendente_geracao
224357831;RUA BELO HORIZONTE 932, 932, CENTRO;-19.5956338;-46.9317683;pendente_geracao
224357833;PRACA DOUTOR ALONSO DE AVILA 91, 91, DOUTOR PEDRO PEZZUTI;-19.5967552;-46.9308;pendente_geracao
224357865;AVENIDA JOAO MOREIRA SALLES 210, 210, LEDA BARCELOS;-19.6075145;-46.931567;pendente_geracao
224357874;AVENIDA JOAO MOREIRA SALLES 195, 195, PADRE ALAOR;-19.6084562;-46.9313494;pendente_geracao
224357960;RUA MARIA RITA DE JESUS 2, 2, DOUTOR PEDRO PEZZUTI;-19.603347;-46.9318699;pendente_geracao
224357962;AVENIDA JOAO MOREIRA SALLES 10, 10, SANTA TEREZINHA;-19.6032049;-46.9324878;pendente_geracao
224358014;RUA SETE DE JANEIRO 70, 70, SAO VICENTE;-19.6022133;-46.9331337;pendente_geracao
224358017;RUA VIRGILIO DE ABREU 79, 79, DOUTOR PEDRO PEZZUTI;-19.5962333;-46.9323092;pendente_geracao
224358038;AVENIDA ARACELY DE PAULA 2500, 2500, CENTRO;-19.5993869;-46.9355686;pendente_geracao
224358110;AVENIDA SENADOR MONTANDON 0, 0, CENTRO;-19.5955195;-46.9348456;pendente_geracao
224358115;RUA SALOMAO PEREIRA DE MESQUITA 102, 102, CENTRO;-19.58739;-46.9348151;pendente_geracao
224358117;RUA FRANCISCO PORFIRIO 2, 2, CENTRO;-19.5861471;-46.9353245;pendente_geracao
224359052;RUA JOSE PEREIRA VALLE 150, 150, SANTO ANTONIO;-19.6106811;-46.9218056;pendente_geracao
224391187;AVENIDA JOAO MOREIRA SALLES 690, 690, LEDA BARCELOS;-19.6138839;-46.9314715;pendente_geracao
224495808;RUA DOUTOR ORLANDO PADOVANI 125, 125, SANTO ANTONIO;-19.6106486;-46.9197748;pendente_geracao
350236506;AVENIDA JOAO PAULO II 155, 155, CENTRO;-19.5864314;-46.9453931;pendente_geracao
350236509;RUA MARECHAL DEODORO 375, 375, CENTRO;-19.5914293;-46.9468975;em_ESQUINA_para_revisao
350236521;RUA MARCELINA CARDOSO 230, 230, SANTA LUZIA;-19.5995828;-46.946085;pendente_geracao
350236523;RUA RIO BRANCO 178, 178, CENTRO;-19.5912662;-46.9434849;pendente_geracao
350236527;AVENIDA IMBIARA 416, 416, CENTRO;-19.5972649;-46.9406843;pendente_geracao
350236531;AVENIDA GETULIO VARGAS 319, 319, CENTRO;-19.5952197;-46.9383685;pendente_geracao
350236539;RUA MARIANO DE AVILA 308, 308, CENTRO;-19.593553;-46.9387957;pendente_geracao
350236540;RUA FRANCISCO VERCOSA 185, 185, SILVERIA;-19.6088132;-46.9390133;pendente_geracao
350236542;AVENIDA GETULIO VARGAS 320, 320, CENTRO;-19.5953615;-46.9384657;pendente_geracao
350236543;RUA CALIMERIO GUIMARAES 237, 237, CENTRO;-19.5920144;-46.9373486;pendente_geracao
350236544;RUA PEDRO DIAS DE CARVALHO 195, 195, SANTA TEREZINHA;-19.6036375;-46.9365061;pendente_geracao
350236546;RUA DOUTOR FRANKLIN DE CASTRO 500, 500, CENTRO;-19.5932393;-46.9351043;pendente_geracao
350236548;AVENIDA SENADOR MONTANDON 15, 15, CENTRO;-19.593734;-46.9335852;pendente_geracao
350236549;AVENIDA JOAO MOREIRA SALLES 294, 294, LEDA BARCELOS;-19.6082643;-46.9315405;pendente_geracao
350236551;RUA CLAUDIO JOSE DE FARIA 395, 395, JOAO RIBEIRO;-19.6026878;-46.9437999;pendente_geracao
350236552;RUA JOSE BARBOSA DE CASTRO 119, 119, FERTIZA;-19.6066006;-46.9436274;pendente_geracao
350236554;RUA CASSIANO LEMOS 241, 241, CENTRO;-19.5897614;-46.9415443;pendente_geracao
350236557;RUA LUIZ COLOMBO 901, 901, SAGRADA FAMILIA;-19.6047886;-46.9397679;pendente_geracao
350236561;RUA DA CONSOLACAO 341, 341, CENTRO;-19.5880705;-46.9454281;pendente_geracao
350236562;RUA ANTONIO BARRETO 490, 490, FERTIZA;-19.610784;-46.9453126;pendente_geracao
350236563;RUA DO OURO 236, 236, SAO CRISTOVAO;-19.5977299;-46.9435478;pendente_geracao
350236564;RUA WANTUIR BATISTA DA COSTA 301, 301, JOAO RIBEIRO;-19.6036376;-46.9429641;pendente_geracao
350236565;RUA CAPITAO JOSE PORFIRIO 190, 190, CENTRO;-19.5892414;-46.941176;pendente_geracao
350236566;RUA EVARISTO AFONSO BORGES 155, 155, VEREDAS DA CIDADE;-19.6048146;-46.9188158;pendente_geracao
350236567;RUA TIA NICA 174, 174, RICA;-19.5861602;-46.9374476;pendente_geracao
350236568;RUA ALMEIDA CAMPOS 220, 220, CENTRO;-19.5941205;-46.9372307;pendente_geracao
350236573;AVENIDA JOAQUIM PORFIRIO BOTELHO 65, 65, ANDREA;-19.6059483;-46.924302;pendente_geracao
350236578;RUA SELDA DE CASTRO ALVES 486, 486, FERTIZA;-19.6100117;-46.9454976;pendente_geracao
350236589;RUA AMARO PEREIRA GOMES 120, 120, ESTANCIA;-19.6120569;-46.925177;em_ESQUINA_para_revisao
350236593;RUA AUGUSTO FLAVIO DA SILVA 183, 183, ESTANCIA;-19.6063985;-46.9272441;pendente_geracao
350236599;RUA AMARO PEREIRA GOMES 171, 171, ADHEMAR RODRIGUES VALLE;-19.6122107;-46.925744;pendente_geracao
350236602;AVENIDA CASSIANO DE PAULA NASCIMENTO 110, 110, SANTO ANTONIO;-19.6019162;-46.9263053;pendente_geracao
350236603;RUA JOSE JUSTINO CORNELIO 130, 130, ESTANCIA;-19.6096635;-46.9257904;pendente_geracao
350236604;RUA JOSE TEOFILO RODRIGUES 200, 200, ANDREA;-19.6062917;-46.924709;pendente_geracao
350236606;RUA GUARANI 145, 145, SANTO ANTONIO;-19.6000286;-46.92451;pendente_geracao
350236609;RUA TEOFILO DOS SANTOS 268, 268, RICA;-19.5855254;-46.9383289;em_ESQUINA_para_revisao
350236610;RUA MARIANO DE AVILA 229, 229, CENTRO;-19.5931406;-46.9383818;em_ESQUINA_para_revisao
350236616;RUA GUILHERME SCARPELINI 114, 114, SANTO ANTONIO;-19.6036601;-46.9282953;pendente_geracao
350236618;RUA PRESIDENTE OLEGARIO MACIEL 774, 774, CENTRO;-19.5961319;-46.9341381;pendente_geracao
350236620;RUA JOSE RIBEIRO 215, 215, PADRE ALAOR;-19.6081606;-46.9295093;pendente_geracao
350236621;RUA JOSE VAZ DA SILVA 560, 560, SANTO ANTONIO;-19.6015998;-46.9293478;pendente_geracao
350236622;RUA JUCA GONCALVES 770, 770, SANTO ANTONIO;-19.6030007;-46.9282874;pendente_geracao
350236623;RUA MARECHAL DEODORO 260, 260, CENTRO;-19.5914439;-46.9454972;pendente_geracao
350236624;RUA ANTONIO CASTRO ALVES 120, 120, FERTIZA;-19.6086362;-46.9431069;pendente_geracao
350236627;RUA VIRGILIO DE ABREU 125, 125, CENTRO;-19.5962163;-46.9323582;pendente_geracao
350236628;RUA MARIANO DE AVILA 0, 0, CENTRO;-19.5944099;-46.9395885;pendente_geracao
350236630;RUA BERNARDO AROEIRA 261, 261, SAGRADA FAMILIA;-19.6018956;-46.9389729;pendente_geracao
350236631;RUA CALIMERIO GUIMARAES 391, 391, CENTRO;-19.5930112;-46.9361786;pendente_geracao
350236633;AVENIDA SENADOR MONTANDON 275, 275, CENTRO;-19.5962511;-46.935493;pendente_geracao
350236634;RUA JOSE VAZ DA SILVA 720, 720, SANTO ANTONIO;-19.6030075;-46.929366;pendente_geracao
350236636;RUA GUARANI 0, 0, SANTO ANTONIO;-19.6018356;-46.9262281;em_ESQUINA_para_revisao
350236640;RUA DO OURO 306, 306, SAO CRISTOVAO;-19.5985748;-46.9438339;em_ESQUINA_para_revisao
350236641;RUA JOAQUIM TEODORO DA SILVA 371, 371, FERTIZA;-19.6067788;-46.9445627;pendente_geracao
350236642;RUA JOSE BARBOSA DE CASTRO 495, 495, FERTIZA;-19.6102428;-46.9427042;em_ESQUINA_para_revisao
350236649;RUA OMAR DUMONT FILHO 135, 135, SANTA TEREZINHA;-19.6031901;-46.9344514;pendente_geracao
350236650;RUA JOSE VAZ DA SILVA 490, 490, SANTO ANTONIO;-19.600885;-46.9293501;pendente_geracao
350236651;RUA JOAQUIM ANTONIO DUTRA 135, 135, CENTRO;-19.5873873;-46.9439747;pendente_geracao
350236652;RUA CLAUDIO JOSE DE FARIA 274, 274, JOAO RIBEIRO;-19.6027689;-46.9446973;pendente_geracao
350236654;RUA UBERABA 135, 135, CENTRO;-19.5924419;-46.9433747;pendente_geracao
350236655;RUA RIO BRANCO 762, 762, CENTRO;-19.5964396;-46.9428798;pendente_geracao
350236657;RUA IMBIACA 303, 303, CENTRO;-19.5868943;-46.9399004;pendente_geracao
350236660;AVENIDA SENADOR MONTANDON 409, 409, CENTRO;-19.5973887;-46.9363936;pendente_geracao
350236662;AVENIDA GETULIO VARGAS 1006, 1006, CENTRO;-19.5993163;-46.9337365;pendente_geracao
350236663;AVENIDA JOAO MOREIRA SALLES 169, 169, PADRE ALAOR;-19.608375;-46.9313321;pendente_geracao
350236664;RUA ENGENHEIRO PEDRO RIOS 120, 120, DOUTOR PEDRO PEZZUTI;-19.5969387;-46.9301599;pendente_geracao
350236665;AVENIDA WILSON BORGES 0, 0, SANTO ANTONIO;-19.6015948;-46.9297771;pendente_geracao
350236667;RUA AUGUSTO FLAVIO DA SILVA 30, 30, SANTO ANTONIO;-19.606078;-46.9259256;em_ESQUINA_para_revisao
350236670;RUA RIO BRANCO 416, 416, CENTRO;-19.593356;-46.9432517;pendente_geracao
350236671;RUA SACRAMENTO 640, 640, CENTRO;-19.5954085;-46.9430196;pendente_geracao
350236672;RUA BENTO ANTONIO 149, 149, CENTRO;-19.5859295;-46.9412024;pendente_geracao
350236676;RUA CLARIMUNDO BATISTA DA COSTA 125, 125, RICA;-19.5850593;-46.9379707;pendente_geracao
350236677;AVENIDA IMBIARA 754, 754, JOAO RIBEIRO;-19.6002682;-46.9404069;pendente_geracao
350236679;RUA JOAO VERCOSA 169, 169, SAO PEDRO;-19.5850342;-46.9390487;pendente_geracao
350236683;RUA LIMIRIO AFONSO 48, 48, CENTRO;-19.5914039;-46.936196;pendente_geracao
350236684;AVENIDA GETULIO VARGAS 622, 622, CENTRO;-19.5971913;-46.9362383;pendente_geracao
350236685;AVENIDA SENADOR MONTANDON 0, 0, CENTRO;-19.5954532;-46.9349117;pendente_geracao
350236686;RUA CAPITAO IZIDRO 906, 906, CENTRO;-19.5975893;-46.9338973;pendente_geracao
350236689;RUA PADRE JOSE PIASEK 323, 323, SAGRADA FAMILIA;-19.6023347;-46.9383684;pendente_geracao
350236695;RUA ZECA DO ALFREDO 350, 350, JOAO RIBEIRO;-19.6044312;-46.9429342;pendente_geracao
350236697;AVENIDA JOAQUIM BENEVIDES DE AVILA 25, 25, JOSE FERREIRA GUIMARAES;-19.6040038;-46.9211696;pendente_geracao
350236698;RUA TUPI 276, 276, SANTO ANTONIO;-19.6006895;-46.9251279;pendente_geracao
350236701;RUA ANTONIO BARRETO 326, 326, FERTIZA;-19.6104481;-46.9436063;pendente_geracao
350236703;RUA TERENCIO PEREIRA 1085, 1085, VEREDAS DA CIDADE;-19.6041435;-46.9210802;pendente_geracao
350236704;RUA RIO BRANCO 940, 940, SAO CRISTOVAO;-19.5979889;-46.9427048;em_ESQUINA_para_revisao
350236705;RUA DORVALINO PEREIRA BORGES 222, 222, DOUTOR PEDRO PEZZUTI;-19.5989604;-46.9311848;em_ESQUINA_para_revisao
350236706;AVENIDA JOAO PAULO II 450, 450, CENTRO;-19.5876359;-46.9460839;pendente_geracao
350236720;RUA DOUTOR EDMAR CUNHA 407, 407, SANTA TEREZINHA;-19.6069255;-46.9346776;em_ESQUINA_para_revisao
350236736;RUA TERENCIO PEREIRA 1155, 1155, VEREDAS DA CIDADE;-19.6052267;-46.9205122;pendente_geracao
350236754;AVENIDA PREFEITO ARACELY DE PAULA 3490, 3490, SILVERIA;-19.6090023;-46.9384221;pendente_geracao
350236756;AVENIDA PREFEITO ARACELY DE PAULA 3145, 3145, SANTA TEREZINHA;-19.6052921;-46.9385858;pendente_geracao
408801682;RUA ALEXANDRE GONDIM 510, 510, CENTRO;-19.5885551;-46.9339903;pendente_geracao
452631011;RUA RIO BRANCO 416, 416, CENTRO;-19.593369;-46.9433027;pendente_geracao
452631306;RUA RIO BRANCO 762, 762, CENTRO;-19.5964618;-46.9429681;pendente_geracao
452632476;RUA RIO BRANCO 940, 940, SAO CRISTOVAO;-19.5980544;-46.9427108;pendente_geracao
738920108;RUA MANOEL DOS SANTOS 308, 308, FERTIZA;-19.6104259;-46.9408135;pendente_geracao
738920142;AVENIDA PREFEITO ARACELY DE PAULA 303, 303, FERTIZA;-19.6109995;-46.9434859;pendente_geracao
738920144;AVENIDA PREFEITO ARACELY DE PAULA 385, 385, FERTIZA;-19.6110183;-46.9434194;pendente_geracao
817706420;AVENIDA JOAO PAULO II 1815, 1815, JOAO RIBEIRO;-19.6014998;-46.9465458;pendente_geracao
817706421;AVENIDA JOAO PAULO II 1745, 1745, SANTA LUZIA;-19.6014186;-46.9465353;pendente_geracao
922742634;RUA LAURINDO BALEEIRO 423, 423, CENTRO;-19.5945452;-46.947071;em_ESQUINA_para_revisao
922742665;RUA SANTA JULIANA 501, 501, CENTRO;-19.5931705;-46.9467106;pendente_geracao
1165395901;RUA LUIZ COLOMBO 180, 180, CENTRO;-19.5994739;-46.936723;pendente_geracao
1165395944;RUA LUIZ COLOMBO 139, 139, CENTRO;-19.5991936;-46.9367481;pendente_geracao
1165395977;RUA LUIZ COLOMBO 139, 139, CENTRO;-19.5991143;-46.9367362;pendente_geracao
1358665159;RUA GUILHERME SCARPELINI 114, 114, SANTO ANTONIO;-19.6036464;-46.9283753;pendente_geracao
1496652680;AVENIDA JOAO PAULO II 585, 585, CENTRO;-19.5913634;-46.9475104;pendente_geracao
1496652820;RUA JOAQUIM ANTONIO DUTRA 630, 630, CENTRO;-19.5913684;-46.9462143;pendente_geracao
1496652853;RUA MARECHAL DEODORO 441, 441, CENTRO;-19.5914562;-46.9461888;em_ESQUINA_para_revisao
1496653037;RUA LAURINDO BALEEIRO 50, 50, CENTRO;-19.5930992;-46.9467167;pendente_geracao
1496653242;AVENIDA JOAO PAULO II 1035, 1035, CENTRO;-19.5941259;-46.947658;pendente_geracao
1496653279;RUA MODESTO CRISTINO FILHO 290, 290, CENTRO;-19.5944749;-46.9471285;pendente_geracao
1496653283;RUA MODESTO CRISTINO FILHO 290, 290, CENTRO;-19.5944484;-46.947071;pendente_geracao
1496653706;RUA UBERABA 317, 317, CENTRO;-19.5926173;-46.9451618;pendente_geracao
1496656391;AVENIDA JOAO PAULO II 585, 585, CENTRO;-19.5914361;-46.9474636;pendente_geracao
