cod_id,poste_numero,na_fila_de_links
1358664738,3713,NAO
1496652853,620,NAO
1684853981,3452,NAO
219090082,304,SIM
219090086,281,SIM
219298049,472,NAO
219298070,1081,SIM
219298157,602,SIM
219298164,1410,SIM
219298165,1507,SIM
219298197,1894,SIM
219298202,1171,NAO
219298203,1417,SIM
219298247,3029,NAO
219298278,2562,NAO
219298283,2454,NAO
219298314,57,SIM
219298767,551,SIM
219298786,360,SIM
219298788,222,SIM
219298798,425,SIM
219384929,2798,NAO
219384968,558,SIM
219384971,369,SIM
219385014,318,SIM
219385242,753,SIM
219385251,692,SIM
219386635,13,SIM
219386636,14,SIM
219386653,34,SIM
219386836,19,SIM
219386837,8,SIM
219386839,70,SIM
219386840,77,SIM
219386841,265,SIM
219386842,359,SIM
219387212,410,SIM
219745625,247,SIM
219991634,59,SIM
219991640,83,SIM
219991641,45,SIM
219991666,114,SIM
219991668,231,SIM
219991733,79,SIM
219991734,36,SIM
219991739,2415,NAO
219992413,2078,NAO
219992479,311,SIM
219992481,372,SIM
219992770,1023,SIM
219992817,537,SIM
219992818,934,SIM
219993025,202,SIM
219993026,185,SIM
220081179,380,SIM
220081181,238,SIM
220081185,422,SIM
220247378,81,SIM
220247379,2,SIM
220247385,804,SIM
220247386,744,SIM
220247480,4,SIM
220639657,310,SIM
220780207,138,SIM
220780222,103,SIM
220780223,49,SIM
220853336,97,SIM
220853694,259,SIM
220853698,274,SIM
220853734,650,SIM
220854075,326,SIM
220854076,200,SIM
220854113,153,SIM
220854114,119,SIM
220854182,996,SIM
220854245,819,SIM
220855406,962,SIM
220857114,327,SIM
220857115,86,SIM
220857117,842,SIM
220857118,685,SIM
220857122,61,SIM
220857124,7,SIM
220857293,10,SIM
220930865,445,SIM
221094171,177,SIM
221094173,479,SIM
221094176,524,SIM
221371071,550,SIM
221529250,197,SIM
221621718,69,SIM
221621725,290,SIM
221621755,47,SIM
221704100,289,SIM
221704202,229,SIM
221704410,250,SIM
221704432,771,SIM
221704434,630,SIM
221807160,11,SIM
221807360,297,SIM
221807361,1054,SIM
221807362,796,SIM
221807364,623,SIM
221807369,5,SIM
221807372,41,SIM
221807373,124,SIM
221807374,84,SIM
221889355,271,SIM
221891614,224,SIM
222073141,220,SIM
222494575,190,SIM
222494579,42,SIM
222494762,528,SIM
222494763,648,SIM
222494765,593,SIM
222494766,548,SIM
222495068,1097,SIM
222495069,1158,SIM
222495113,733,SIM
222495163,309,SIM
222495168,375,SIM
222495521,236,SIM
222733198,502,SIM
222733199,264,SIM
222733200,717,SIM
222733201,898,SIM
222733202,421,SIM
222733203,914,SIM
222733204,910,SIM
222733205,956,SIM
222733210,3,SIM
222733213,141,SIM
222733215,24,SIM
222733216,32,SIM
222733217,122,SIM
222733218,89,SIM
222733357,15,SIM
222733358,20,SIM
222886700,397,NAO
223116784,173,SIM
223116795,353,SIM
223116798,573,SIM
223255148,6,SIM
223255150,166,SIM
223255153,28,SIM
223255159,469,SIM
223255160,228,SIM
223255161,419,SIM
223255163,975,SIM
223255164,199,SIM
223255165,227,SIM
223255166,143,SIM
223255167,556,SIM
223255168,329,SIM
223255310,22,SIM
223255451,617,SIM
223326570,305,SIM
223326594,398,SIM
223390359,343,SIM
223390788,2563,NAO
223390936,477,SIM
223390937,462,SIM
223390939,201,SIM
223390944,349,SIM
223455588,269,SIM
223455601,65,SIM
223455759,1122,SIM
223455761,1118,SIM
223455766,1047,SIM
223455872,355,SIM
223455886,622,SIM
223455891,687,SIM
223637324,624,SIM
223977700,242,SIM
223977706,443,SIM
223977709,511,SIM
223977792,165,SIM
223977793,218,SIM
223977808,38,SIM
223978077,483,SIM
223978086,439,SIM
223978087,404,SIM
223978116,686,SIM
223978118,884,SIM
223978120,887,SIM
224102695,17,SIM
224102698,26,SIM
224102913,393,SIM
224102914,340,SIM
224102915,363,SIM
224102916,457,SIM
224102917,104,SIM
224102918,192,SIM
224102924,388,SIM
224102928,1,SIM
224102929,12,SIM
224219884,154,SIM
224219885,204,SIM
224219886,361,SIM
224219887,549,SIM
224292420,167,SIM
224292421,298,SIM
224292423,849,SIM
224292427,16,SIM
224292585,18,SIM
224292589,29,SIM
224318217,243,SIM
224318222,74,SIM
224318223,56,SIM
224318382,21,SIM
224357555,333,SIM
224357561,497,SIM
224357563,465,SIM
224357564,473,SIM
224357759,1151,SIM
224357787,133,SIM
224357788,164,SIM
224357789,150,SIM
224358040,523,SIM
224358041,371,SIM
224358115,867,SIM
224358117,561,SIM
224413417,454,SIM
224413418,416,SIM
2582969888,663,SIM
2582969890,589,SIM
2582969894,529,SIM
2650511978,208,SIM
2650511985,253,SIM
350236509,487,SIM
350236533,2515,NAO
350236545,1721,NAO
350236553,1518,NAO
350236571,1124,NAO
350236584,161,SIM
350236588,1311,NAO
350236589,1006,NAO
350236605,1222,NAO
350236609,334,SIM
350236610,2159,NAO
350236615,1699,NAO
350236635,1730,NAO
350236636,2707,NAO
350236640,2066,NAO
350236642,1400,NAO
350236645,3265,NAO
350236666,1914,NAO
350236667,2252,NAO
350236668,778,SIM
350236675,3006,NAO
350236676,262,SIM
350236687,3700,NAO
350236688,3743,NAO
350236699,2735,NAO
350236700,1351,NAO
350236704,2305,NAO
350236705,3505,NAO
350236708,577,NAO
350236709,456,NAO
350236720,3168,NAO
350236743,1500,NAO
350237766,2117,NAO
680339549,664,NAO
922742634,885,SIM
219298222,88,SIM
224387533,335,SIM
219992477,322,SIM
220853334,50,SIM
222733211,9,SIM
221704431,748,SIM
222495106,927,SIM
222495517,233,SIM
224318253,703,SIM
221621745,658,SIM
219991759,678,SIM
224318251,1030,SIM
223390375,1072,SIM
221621781,1101,SIM
220780259,1366,SIM
219991696,1290,SIM
219298296,1207,SIM
222494594,1146,SIM
219298292,1051,SIM
224318252,978,SIM
223390377,915,SIM
350236565,909,SIM
221621797,837,SIM
220853350,766,SIM
219298349,601,SIM
224318311,521,SIM
223390385,446,SIM
224318090,379,SIM
224318089,332,SIM
219991956,268,SIM
221621699,205,SIM
220780179,162,SIM
219298208,131,SIM
224318094,100,SIM
219991957,115,SIM
220780180,107,SIM
223390442,186,SIM
223977056,210,SIM
222494508,232,SIM
223255396,37,SIM
223976725,31,SIM
223976724,30,SIM
221621687,39,SIM
221621631,46,SIM
350236506,52,SIM
219991901,60,SIM
223390212,72,SIM
221621657,85,SIM
220780151,91,SIM
222494546,108,SIM
219991919,102,SIM
220780147,113,SIM
219991918,123,SIM
219298174,134,SIM
224318063,148,SIM
219991835,152,SIM
219298056,163,SIM
224318116,176,SIM
223976796,188,SIM
220780047,209,SIM
223390223,230,SIM
222494450,255,SIM
221621584,282,SIM
219298062,320,SIM
219991803,350,SIM
1496652680,383,SIM
1496656391,403,SIM
223976795,423,SIM
224318114,463,SIM
223976797,504,SIM
219991810,568,SIM
219298050,615,SIM
219991805,433,SIM
1496654046,441,SIM
223976811,406,SIM
224318144,317,SIM
219991811,344,SIM
224318143,386,SIM
223976812,312,SIM
219298078,301,SIM
220780117,286,SIM
223390182,270,SIM
224318050,258,SIM
223390180,235,SIM
224318049,217,SIM
224318064,195,SIM
350236561,198,SIM
222494539,139,SIM
220780150,179,SIM
223390213,158,SIM
224318020,147,SIM
222494509,260,SIM
219991193,275,SIM
223978969,299,SIM
221705467,321,SIM
219298172,336,SIM
223976793,272,SIM
220855417,376,SIM
220780156,394,SIM
224318026,414,SIM
223390222,474,SIM
223390221,495,SIM
221621636,518,SIM
220855416,315,SIM
222496788,352,SIM
219991188,405,SIM
223978968,452,SIM
221705466,507,SIM
222496784,574,SIM
223456738,646,SIM
220855413,586,SIM
219386127,605,SIM
223456739,395,SIM
223456740,396,SIM
222494515,471,SIM
219991946,635,SIM
220780176,575,SIM
219298205,681,SIM
224318105,566,SIM
221621705,612,SIM
220780177,656,SIM
219298207,712,SIM
224318106,779,SIM
223977052,830,SIM
219991970,873,SIM
219991784,742,SIM
223390434,741,SIM
223390435,758,SIM
224318373,818,SIM
220853308,891,SIM
223390444,788,SIM
224318029,726,SIM
223976715,674,SIM
222494528,621,SIM
219298158,559,SIM
221621640,512,SIM
223976714,468,SIM
219991928,538,SIM
223390365,723,SIM
223976916,813,SIM
224318262,894,SIM
220780281,987,SIM
223390367,1068,SIM
223976918,1148,SIM
219991716,1215,SIM
219298244,1308,SIM
219991665,1369,SIM
220780282,1190,SIM
221621789,954,SIM
220780258,935,SIM
223976917,1364,SIM
221621785,1287,SIM
223976915,1304,SIM
222494639,1322,SIM
221621786,1315,SIM
612500464,1249,SIM
223976914,1165,SIM
222494638,1094,SIM
224318276,1391,SIM
220780285,1116,SIM
223390366,1191,SIM
223751195,1070,SIM
223390343,1052,SIM
224318274,1027,SIM
219298305,995,SIM
223390420,949,SIM
219298379,953,SIM
224318372,959,SIM
222494702,966,SIM
223977031,973,SIM
222494698,970,SIM
221621857,919,SIM
223390447,843,SIM
219298217,808,SIM
224318103,768,SIM
223390219,669,SIM
219991891,719,SIM
350236623,735,SIM
220780146,781,SIM
221621630,824,SIM
220780141,868,SIM
1496652914,751,SIM
222494429,702,SIM
1496652915,666,SIM
1496652820,597,SIM
219991926,541,SIM
219298047,535,SIM
223390192,727,SIM
1496653010,799,SIM
1496653001,854,SIM
1496656397,916,SIM
219991945,957,SIM
1496653706,965,SIM
1496653707,1008,SIM
224318091,1067,SIM
452630541,1130,SIM
452630933,1180,SIM
350236654,1244,SIM
452630956,1303,SIM
221621853,1345,SIM
223390170,958,SIM
223977058,923,SIM
224318092,1063,SIM
220780181,1024,SIM
224318110,967,SIM
221621711,1138,SIM
222494695,1085,SIM
221621712,1021,SIM
222494706,1212,SIM
222494705,1179,SIM
222494704,1112,SIM
221621855,1043,SIM
350236523,1009,SIM
223390457,963,SIM
219298218,921,SIM
224318347,1260,SIM
223976984,1415,SIM
992635467,1334,SIM
219991758,1267,SIM
223390383,1178,SIM
223976985,1169,SIM
223390384,1110,SIM
219298386,1048,SIM
224318314,1088,SIM
219298348,1133,SIM
220853351,1104,SIM
224318367,1479,SIM
222494603,1510,SIM
223390401,1498,SIM
222494604,1573,SIM
220853333,1653,SIM
221621751,1646,SIM
221621752,1632,SIM
219654825,1630,SIM
223390309,1663,SIM
223977029,1667,SIM
222494718,1670,SIM
220853324,1675,SIM
452631075,1669,SIM
223977026,1612,SIM
223977025,1542,SIM
223390407,1495,SIM
220853325,1434,SIM
452630985,1384,SIM
452630962,1324,SIM
452631008,1454,SIM
452631011,1419,SIM
219298377,1368,SIM
222494510,1183,SIM
223977059,1245,SIM
223977050,1319,SIM
223977051,1392,SIM
223390443,1347,SIM
222494514,1293,SIM
221621700,1235,SIM
220780172,1186,SIM
219991947,1166,SIM
221621701,1131,SIM
220780173,1065,SIM
219991948,1004,SIM
1637186367,893,SIM
1496653649,946,SIM
1496653651,961,SIM
219991828,752,SIM
1496653037,773,SIM
922742665,785,SIM
575503350,673,SIM
224318149,806,SIM
223976760,827,SIM
221621580,853,SIM
1496653279,863,SIM
1496653268,803,SIM
1496653285,920,SIM
222494412,964,SIM
223976769,1044,SIM
219991837,1071,SIM
224318046,1144,SIM
220559481,1028,SIM
220776877,1011,SIM
1496653242,718,SIM
1496653240,701,SIM
221621583,721,SIM
222494415,737,SIM
221621582,756,SIM
219991859,772,SIM
220780062,780,SIM
219298069,789,SIM
222733407,811,SIM
223255441,834,SIM
224102774,865,SIM
223390200,1375,SIM
219298134,1318,SIM
222494496,1234,SIM
221807227,1189,SIM
224102790,1136,SIM
223255425,1123,SIM
220247551,1119,SIM
221621656,1129,SIM
219991921,1210,SIM
222494530,1298,SIM
223390215,1297,SIM
223976790,1378,SIM
223976791,1452,SIM
219298177,1536,SIM
219991922,1616,SIM
220780157,1725,SIM
224318021,1436,SIM
224053472,1226,SIM
223636423,1296,SIM
223976789,1277,SIM
219298163,1252,SIM
219991955,1356,SIM
222573859,1440,SIM
220780178,1427,SIM
221621692,1418,SIM
222494512,1478,SIM
219298209,1562,SIM
221621693,1499,SIM
219298162,1398,SIM
223976773,1335,SIM
222494562,1302,SIM
223390175,1300,SIM
224318045,1325,SIM
219991910,1374,SIM
222494561,1411,SIM
223977057,1447,SIM
220780105,1431,SIM
221621660,1487,SIM
220780112,1247,SIM
223390438,1626,SIM
223977049,1686,SIM
224318101,1729,SIM
219991953,1655,SIM
223520254,1196,SIM
224136277,1208,SIM
219088844,1274,SIM
224390601,1321,SIM
223390423,1348,SIM
223977036,1367,SIM
221621841,1424,SIM
223390424,1474,SIM
224318346,1515,SIM
220853309,1548,SIM
221621839,1608,SIM
221621840,1674,SIM
219991788,1625,SIM
223977037,1574,SIM
222494710,1731,SIM
223390425,1797,SIM
219298339,1854,SIM
224318337,1898,SIM
219298372,1746,SIM
350236671,1841,SIM
221621817,1888,SIM
224318340,1970,SIM
219298344,2035,SIM
452631306,2032,SIM
452631385,2100,SIM
224318363,2140,SIM
219298360,2197,SIM
452631409,2255,SIM
219991772,2285,SIM
452632476,2311,SIM
222494666,2360,SIM
223390400,2417,SIM
222494719,2434,SIM
223977028,2448,SIM
220853322,2340,SIM
219298373,2254,SIM
452631358,2147,SIM
219298342,2097,SIM
222494677,1945,SIM
223390393,2009,SIM
220853320,2057,SIM
222494665,2108,SIM
221621835,2136,SIM
223390439,1927,SIM
221621702,1843,SIM
220780175,1798,SIM
219991954,1804,SIM
224318384,1871,SIM
219991790,1959,SIM
223390429,1805,SIM
452631449,2121,SIM
223390403,2200,SIM
350236563,2055,SIM
219298393,1964,SIM
224495756,1890,SIM
223977043,1837,SIM
219991791,1775,SIM
350236669,1808,SIM
222494493,1706,SIM
220780132,1597,SIM
221621629,1613,SIM
219991897,1611,SIM
219298133,1602,SIM
224318077,1590,SIM
223390162,1570,SIM
222494480,1493,SIM
223044168,1676,SIM
219298184,1749,SIM
223390161,1851,SIM
224318079,1971,SIM
220780122,1763,SIM
222494479,1781,SIM
219991960,1869,SIM
223977065,1972,SIM
224318391,2051,SIM
224318390,2058,SIM
219298074,1355,SIM
221621551,1286,SIM
223976748,1323,SIM
223390188,1310,SIM
220780081,1255,SIM
224318139,1197,SIM
219298085,1240,SIM
219991824,1292,SIM
221621550,1330,SIM
224318054,1363,SIM
223976774,1401,SIM
219991908,1429,SIM
220780109,1467,SIM
222494551,1476,SIM
221621644,1540,SIM
219991911,1704,SIM
224318057,1565,SIM
223976777,1534,SIM
220780108,1505,SIM
222494540,1469,SIM
221621552,1430,SIM
221621646,1455,SIM
222494541,1566,SIM
223390187,1634,SIM
221621649,1708,SIM
223390208,1727,SIM
1047018902,1756,SIM
223976785,1803,SIM
219298199,1842,SIM
224318065,1865,SIM
219991938,1913,SIM
223976740,1822,SIM
220780111,1758,SIM
224318056,1683,SIM
224318066,1764,SIM
219991935,1773,SIM
817706425,1614,SIM
219991907,1545,SIM
817706424,1504,SIM
817706421,1457,SIM
817706420,1456,SIM
224102760,1413,SIM
223255413,1362,SIM
220780160,1929,SIM
222494504,1943,SIM
221621667,1944,SIM
224318068,2023,SIM
223390160,1948,SIM
223976739,1946,SIM
219991964,1937,SIM
220780197,1932,SIM
219298221,1902,SIM
221621708,1920,SIM
220780198,1908,SIM
220319553,1887,SIM
224318368,1954,SIM
221621861,2033,SIM
224318387,1827,SIM
223255444,1769,SIM
224102780,1777,SIM
221621671,1779,SIM
220780161,1778,SIM
222733421,1660,SIM
220247543,1647,SIM
219386689,1659,SIM
219386712,1673,SIM
224102784,1680,SIM
224292619,1688,SIM
224292622,1693,SIM
607811406,1696,SIM
220247547,1691,SIM
219298737,458,SIM
220853775,436,SIM
219298739,407,SIM
219298741,381,SIM
219992424,475,SIM
224357653,461,SIM
223977537,337,SIM
223255299,266,SIM
2569577817,226,SIM
221807156,193,SIM
221528611,171,SIM
220638982,170,SIM
219654785,183,SIM
224495926,212,SIM
222571929,142,SIM
221528607,110,SIM
223694389,240,SIM
224495920,182,SIM
223694384,140,SIM
222571930,106,SIM
221986637,82,SIM
220638987,55,SIM
224357544,576,SIM
223977672,607,SIM
223390964,631,SIM
219654787,54,SIM
219916432,63,SIM
224223345,76,SIM
219654657,87,SIM
219654655,93,SIM
222571824,109,SIM
221986467,118,SIM
223694253,128,SIM
220638861,144,SIM
224223347,159,SIM
221986469,175,SIM
221528492,189,SIM
222571820,214,SIM
221528460,234,SIM
219654663,254,SIM
221986471,273,SIM
221528461,261,SIM
221986470,331,SIM
224495811,390,SIM
219654661,450,SIM
220638865,533,SIM
222571821,603,SIM
223694259,636,SIM
221528456,665,SIM
219654660,649,SIM
221986474,594,SIM
224495809,544,SIM
220638856,459,SIM
224495808,358,SIM
224495806,291,SIM
223694258,362,SIM
221986472,429,SIM
220638864,499,SIM
224495807,579,SIM
222571822,78,SIM
221528457,105,SIM
219654658,145,SIM
224223346,194,SIM
222571823,263,SIM
221986476,324,SIM
224223348,95,SIM
222571825,135,SIM
219654656,181,SIM
224495812,244,SIM
221986475,313,SIM
220638855,367,SIM
223694252,120,SIM
220638863,160,SIM
223694251,267,SIM
224495810,325,SIM
220638862,385,SIM
223694254,149,SIM
222571817,206,SIM
221528455,276,SIM
219654654,339,SIM
223979101,464,SIM
223456906,525,SIM
223694256,180,SIM
224495804,252,SIM
220638860,323,SIM
221986468,384,SIM
223694255,451,SIM
224495803,526,SIM
224223351,219,SIM
219654662,296,SIM
221528459,365,SIM
222571819,427,SIM
224223350,515,SIM
221528458,580,SIM
219386226,442,SIM
219386224,411,SIM
219386225,377,SIM
223456897,342,SIM
219298740,490,SIM
224357647,516,SIM
223391030,539,SIM
219992421,567,SIM
224357594,587,SIM
222495500,619,SIM
221807689,616,SIM
220930871,644,SIM
219384761,675,SIM
219384760,695,SIM
224357522,729,SIM
223977634,759,SIM
222495590,734,SIM
221703618,754,SIM
224357628,800,SIM
223455479,839,SIM
220853674,862,SIM
221703714,888,SIM
222496676,569,SIM
220855478,530,SIM
221705434,491,SIM
223456898,449,SIM
223979086,401,SIM
221705428,373,SIM
219991169,370,SIM
219386235,400,SIM
224359054,431,SIM
222496661,505,SIM
223979100,557,SIM
223979097,604,SIM
221705429,638,SIM
220855408,667,SIM
224359052,698,SIM
221705430,774,SIM
219298708,838,SIM
223977258,974,SIM
219386231,506,SIM
219991170,555,SIM
219991159,596,SIM
222496677,651,SIM
221705431,689,SIM
223456899,743,SIM
222496664,652,SIM
222496663,705,SIM
223456903,769,SIM
223979096,816,SIM
222496662,642,SIM
223456904,684,SIM
219991161,716,SIM
219991165,836,SIM
221705432,883,SIM
219991168,699,SIM
222496679,911,SIM
223979083,960,SIM
220857361,1678,SIM
221807237,1658,SIM
220857357,1631,SIM
220247555,1589,SIM
219386694,1551,SIM
224292626,1506,SIM
220247550,1465,SIM
222494714,1365,SIM
221807232,1326,SIM
223255431,1269,SIM
224292628,1201,SIM
221807229,1139,SIM
223323213,1069,SIM
224388435,1017,SIM
219472103,981,SIM
223323208,1005,SIM
224388432,1073,SIM
219472098,1134,SIM
223255433,1195,SIM
222733414,1261,SIM
219386697,1313,SIM
220247556,1361,SIM
219472101,1389,SIM
219386696,1406,SIM
220557927,1371,SIM
1347586020,1349,SIM
224388434,1331,SIM
224052795,1309,SIM
223044572,1254,SIM
221621822,1229,SIM
222494671,1301,SIM
221621846,1438,SIM
224318343,1503,SIM
350236641,1593,SIM
224318356,1587,SIM
223390405,1604,SIM
222494709,1629,SIM
220853314,1665,SIM
219991785,1705,SIM
221621844,1743,SIM
224053471,1774,SIM
223323829,1835,SIM
220703006,1771,SIM
221707169,1800,SIM
223045214,1829,SIM
223323828,1819,SIM
224318370,1935,SIM
220780110,341,SIM
222494535,319,SIM
223390209,279,SIM
219991916,248,SIM
223976782,306,SIM
223390210,345,SIM
223390145,415,SIM
223976727,453,SIM
223976726,517,SIM
219298138,584,SIM
223390150,582,SIM
223976723,625,SIM
224318086,654,SIM
680337067,672,SIM
680337066,731,SIM
219298139,662,SIM
219991903,724,SIM
220780133,790,SIM
1834912248,845,SIM
1834912222,878,SIM
224413650,899,SIM
219991760,925,SIM
222494654,950,SIM
221621794,977,SIM
220853353,1013,SIM
1699346326,1035,SIM
221621795,1053,SIM
220853354,1092,SIM
219991761,1164,SIM
220853355,1221,SIM
219991762,1262,SIM
220853367,1337,SIM
220559150,1388,SIM
601456298,1188,SIM
601456297,1176,SIM
601456294,1168,SIM
738920150,1117,SIM
738920155,1093,SIM
224318112,939,SIM
219991966,876,SIM
219298212,812,SIM
220780200,746,SIM
219991967,696,SIM
219298211,641,SIM
224318113,583,SIM
224251201,447,SIM
221370999,481,SIM
223637225,547,SIM
223390149,815,SIM
222494483,809,SIM
219991905,693,SIM
221621684,755,SIM
220780134,840,SIM
222494485,880,SIM
224358897,902,SIM
223979113,932,SIM
221705458,993,SIM
221621680,890,SIM
219386131,1016,SIM
350236578,955,SIM
223979109,976,SIM
223456915,1076,SIM
221705460,1156,SIM
222496777,1111,SIM
219991187,1083,SIM
224318083,1046,SIM
223456916,1209,SIM
220855407,1279,SIM
220780292,1342,SIM
1433186910,1402,SIM
224318341,1463,SIM
224318338,1538,SIM
222494647,1615,SIM
223390395,1484,SIM
223976982,1443,SIM
219298346,1399,SIM
219991755,1409,SIM
220853357,1358,SIM
219298345,1338,SIM
223390396,1294,SIM
221621813,1231,SIM
220855403,1227,SIM
222496779,1175,SIM
738920142,1142,SIM
738920144,1152,SIM
224318082,1087,SIM
223390148,1032,SIM
221621679,969,SIM
738921189,1193,SIM
738921188,1250,SIM
221621816,1316,SIM
738920149,1383,SIM
219991679,1451,SIM
738920114,1516,SIM
222494675,1577,SIM
221621821,1624,SIM
350236624,1620,SIM
224292444,1278,SIM
224102922,1354,SIM
224102923,1380,SIM
224292445,1426,SIM
220247384,1480,SIM
220857120,1537,SIM
222495092,1585,SIM
219992744,1641,SIM
219385332,1707,SIM
223978101,1780,SIM
223455919,1833,SIM
223455918,1834,SIM
221704482,1886,SIM
224358073,1956,SIM
220854166,1996,SIM
221704505,2056,SIM
223455916,2105,SIM
222495093,2155,SIM
220854165,2213,SIM
224358070,2151,SIM
219385333,2218,SIM
219992743,2294,SIM
219992820,1982,SIM
224358122,2045,SIM
223978099,2048,SIM
1990629696,1977,SIM
716273567,1892,SIM
224102921,1885,SIM
222733206,1785,SIM
221807366,1700,SIM
223978091,1760,SIM
223455871,1689,SIM
222495160,1622,SIM
224358032,1576,SIM
220854077,1530,SIM
219384974,1445,SIM
223978075,1382,SIM
219992913,1283,SIM
223978074,1206,SIM
223977756,1141,SIM
222494792,1181,SIM
221704116,1216,SIM
220854019,1265,SIM
221986648,1239,SIM
221704162,1036,SIM
223455545,1100,SIM
219384947,1127,SIM
224357718,1137,SIM
219384977,1147,SIM
219992912,1150,SIM
223455767,1149,SIM
219385325,1155,SIM
221704477,1160,SIM
223978089,1217,SIM
222495159,1305,SIM
221704408,1376,SIM
219992932,1458,SIM
222495162,1588,SIM
221704411,1656,SIM
219384967,1740,SIM
223978067,1801,SIM
223455868,1859,SIM
222494761,1876,SIM
224357698,1919,SIM
219384953,1965,SIM
223455525,1942,SIM
220854032,2011,SIM
221986532,2043,SIM
219992875,2110,SIM
223455553,2146,SIM
219384995,2181,SIM
219992992,2217,SIM
350236539,2229,SIM
224357771,2246,SIM
223977829,2269,SIM
222494815,2299,SIM
223455609,2303,SIM
223977828,2324,SIM
222494818,2335,SIM
221704219,2351,SIM
221704175,2362,SIM
219992959,2367,SIM
219992900,1353,SIM
221704082,1414,SIM
223455533,1482,SIM
223977738,1541,SIM
219384901,1592,SIM
220854001,1672,SIM
222494871,1583,SIM
221704189,1621,SIM
219993003,1671,SIM
220854063,1726,SIM
221704112,1794,SIM
219384988,1600,SIM
224357803,1543,SIM
222494875,1477,SIM
223694409,1385,SIM
221528619,1450,SIM
222494874,1488,SIM
219993000,1519,SIM
222494872,1579,SIM
221704185,1649,SIM
223977859,1748,SIM
223455649,1846,SIM
221704223,1713,SIM
219385039,1628,SIM
219385038,1813,SIM
222494838,1912,SIM
223455559,2015,SIM
220854033,2122,SIM
221986654,1839,SIM
224223469,1645,SIM
224495795,1752,SIM
221704239,1821,SIM
222494845,1928,SIM
223455594,2018,SIM
219384994,2116,SIM
223977855,2262,SIM
224357820,2313,SIM
904333620,2420,SIM
224357734,2209,SIM
224357754,2289,SIM
219384932,2358,SIM
221986643,2423,SIM
220854030,2482,SIM
221704143,2559,SIM
219387235,2649,SIM
220930839,2736,SIM
220854043,2564,SIM
221704081,2548,SIM
223694180,2127,SIM
220854031,2167,SIM
898450855,2279,SIM
219384896,2375,SIM
221706350,2436,SIM
221704107,2488,SIM
219384944,2579,SIM
223978046,2661,SIM
222494749,2519,SIM
224357708,2473,SIM
219992948,2431,SIM
220854040,2352,SIM
223455526,2409,SIM
221704089,2319,SIM
219384939,2231,SIM
224357700,2134,SIM
219384952,2052,SIM
221097397,2592,SIM
223978141,2620,SIM
220854285,2544,SIM
223455903,2499,SIM
222571763,1925,SIM
224357717,1987,SIM
219384976,2074,SIM
220854062,2153,SIM
221704097,2237,SIM
223455867,2323,SIM
222495144,2404,SIM
219992836,2495,SIM
221704422,2553,SIM
219385337,2606,SIM
219992739,2655,SIM
222495095,2706,SIM
223455913,2788,SIM
220854195,2729,SIM
221704503,2600,SIM
219992795,2528,SIM
219385248,2458,SIM
224358107,2383,SIM
223455895,2328,SIM
220854253,2274,SIM
219992931,2073,SIM
219384965,1993,SIM
223978085,1904,SIM
350236683,1864,SIM
221704412,1809,SIM
222495161,1735,SIM
219384975,1955,SIM
220854061,1872,SIM
224358033,1816,SIM
221704409,1754,SIM
223455925,2977,SIM
222495123,2919,SIM
219992848,2857,SIM
219385267,2802,SIM
223455860,2746,SIM
220854275,2740,SIM
224103313,2785,SIM
224358111,2873,SIM
219385254,2933,SIM
219992765,2994,SIM
221704499,3060,SIM
219992764,3039,SIM
223455909,2761,SIM
219992747,2806,SIM
224358026,3135,SIM
219992889,3071,SIM
220854002,2993,SIM
223455537,2789,SIM
223455536,2710,SIM
220854003,2850,SIM
221807783,2829,SIM
220854012,2861,SIM
219384892,2899,SIM
223977745,2924,SIM
220780215,146,SIM
221621717,117,SIM
219298223,129,SIM
220780224,111,SIM
224251161,137,SIM
224318224,156,SIM
222494803,196,SIM
219384989,213,SIM
223455650,251,SIM
223977789,300,SIM
221704195,387,SIM
223455576,430,SIM
222733901,484,SIM
224314495,489,SIM
224357723,552,SIM
219992922,632,SIM
221704093,694,SIM
222494764,757,SIM
221704415,807,SIM
222495131,866,SIM
219385272,944,SIM
221704417,992,SIM
224358091,1058,SIM
220854100,763,SIM
219384927,797,SIM
224357743,795,SIM
221704157,738,SIM
219385009,680,SIM
219385010,628,SIM
223977763,820,SIM
222494806,858,SIM
219993013,905,SIM
220854099,861,SIM
222494796,831,SIM
220854096,798,SIM
219385007,745,SIM
219654475,929,SIM
220854102,971,SIM
224357758,1014,SIM
221528351,1039,SIM
219384926,1106,SIM
223455638,1061,SIM
222494827,1001,SIM
221704213,942,SIM
222494828,896,SIM
220854125,886,SIM
221704211,852,SIM
223977848,814,SIM
219385048,770,SIM
219992967,715,SIM
223977827,679,SIM
220854133,643,SIM
220854134,606,SIM
221704227,560,SIM
224357799,519,SIM
219384986,417,SIM
224357798,409,SIM
224357800,368,SIM
224318216,249,SIM
222494574,294,SIM
219991667,347,SIM
219298231,399,SIM
223977814,455,SIM
220854135,543,SIM
221704225,493,SIM
219992977,585,SIM
219385029,554,SIM
224357770,522,SIM
221528568,485,SIM
350236657,514,SIM
219991695,435,SIM
220780257,366,SIM
219991700,314,SIM
350236672,239,SIM
224318257,172,SIM
224318325,136,SIM
223977006,127,SIM
222494670,125,SIM
224318326,121,SIM
221621819,101,SIM
219991765,90,SIM
224318327,80,SIM
223977004,66,SIM
223390411,64,SIM
219298290,216,SIM
222494608,98,SIM
224318280,130,SIM
219991729,168,SIM
222494606,221,SIM
219298312,278,SIM
223976959,328,SIM
219991730,307,SIM
222494607,277,SIM
219298291,257,SIM
588535658,389,SIM
588535656,438,SIM
219298313,500,SIM
220854137,546,SIM
221704226,608,SIM
223455619,614,SIM
222494820,659,SIM
223977833,564,SIM
220854136,639,SIM
219992984,676,SIM
219992966,1223,SIM
223977847,1098,SIM
220854127,1038,SIM
219992970,983,SIM
223977849,997,SIM
223455635,951,SIM
219991717,913,SIM
219298310,844,SIM
224318264,787,SIM
223976919,730,SIM
219385030,708,SIM
223390368,626,SIM
223043960,563,SIM
222494635,545,SIM
221621788,476,SIM
224318278,413,SIM
223390302,356,SIM
221621750,351,SIM
1687099768,303,SIM
1687099766,245,SIM
223976960,187,SIM
219298380,155,SIM
224318350,116,SIM
223977033,92,SIM
219991958,75,SIM
219298388,73,SIM
223390421,53,SIM
221621848,68,SIM
223977040,62,SIM
224318383,58,SIM
222494681,44,SIM
220780184,35,SIM
219298389,27,SIM
224318381,23,SIM
219386747,48,SIM
220247537,67,SIM
221621825,178,SIM
222494674,237,SIM
223976996,338,SIM
220780286,408,SIM
222494673,466,SIM
221621826,486,SIM
219991750,510,SIM
219298336,536,SIM
223976929,570,SIM
223390376,609,SIM
222494595,634,SIM
221621793,1263,SIM
