idx,cod_id,endereco,dist_m,bearing_diff,flagged,nota,pasta,arquivo,pole_detect,watermark_hits,resultado,segundos,panoid,lat,lon,h
1,221529250,"RUA DIVINO VELUZIANO DA SILVA 175, 175, PRIMAVERAS",3.9,148.1,True,"confirmar - poste mais proximo (3.9m) tem 148 graus de diferenca de rumo, mas esta perto o suficiente pra ser so ruido de GPS",REVISAO_AUTOMATICA,"COD ID_221529250!! (confirmar - poste mais proximo (3.9m) tem 148 graus de diferenca de rumo, mas esta perto o suficiente pra ser so ruido de GPS).jpg",fallback_center,10750,OK,15.6,Zfnjpg41HAhDNWN9oMDHpQ,-19.6177934,-46.9286187,311.25
2,222073141,"RUA DIVINO VELUZIANO DA SILVA 155, 155, PRIMAVERAS",4.5,7.5,False,,,,,,JA_PROCESSADO_PULADO,,wE5ZGeyGDIQREhdzs_HJqg,-19.6178003,-46.9289428,298.73
3,219745625,"RUA DIVINO VELUZIANO DA SILVA 120, 120, PRIMAVERAS",2.9,34.3,False,,,,,,JA_PROCESSADO_PULADO,,nwqGb_gi3rNEWOqHF-c8Tw,-19.6177698,-46.9293342,304.39
4,220639657,"RUA EDSON APARECIDO DE SOUZA 140, 140, PRIMAVERAS",6.5,53.5,True,"confirmar - distancia (6.5m, 53 graus) e rumo (39.6m, 45 graus) nao concordam com confianca",REVISAO_AUTOMATICA,"COD ID_220639657!! (confirmar - distancia (6.5m, 53 graus) e rumo (39.6m, 45 graus) nao concordam com confianca).jpg",fallback_center,16133,OK,10.5,D-wuQUyqx_1PRMmcgFm11Q,-19.6173898,-46.9293402,225.11
5,224219886,"RUA EDSON APARECIDO DE SOUZA 155, 155, PRIMAVERAS",3.7,30.2,False,,,,,,JA_PROCESSADO_PULADO,,oMG1WaAmxYJOtCWrK9eUpw,-19.6171827,-46.929333,338.77
6,220081179,"RUA EDSON APARECIDO DE SOUZA 105, 105, PRIMAVERAS",4.8,58.7,False,,,,,,JA_PROCESSADO_PULADO,,iEBlSZjng0NsRJ5xrXeIJQ,-19.6171497,-46.9297902,13.05
7,224413418,"RUA VEREADOR JOSE ROSINHA 140, 140, PRIMAVERAS",7.4,17.0,False,,,,,,JA_PROCESSADO_PULADO,,xKoIa6Pf0yjQlZTmeCmzWQ,-19.6168906,-46.929326,344.83
8,221094173,"RUA VEREADOR JOSE ROSINHA 140, 140, PRIMAVERAS",4.5,58.6,False,,,,,,JA_PROCESSADO_PULADO,,2QU9ntAP7qydv5gC5_o_yw,-19.6164794,-46.9293047,259.28
9,224413417,"RUA VEREADOR JOSE ROSINHA 180, 180, PRIMAVERAS",12.0,7.7,False,,,,,,JA_PROCESSADO_PULADO,,xvsapZ6kR-qNXq1VJhX5sQ,-19.6165538,-46.9290618,74.63
10,220081185,"RUA VEREADOR JOSE ROSINHA 210, 210, PRIMAVERAS",2.4,47.0,False,,,,,,JA_PROCESSADO_PULADO,,8wN9KjA3eRdW29fyNCJCOg,-19.6165752,-46.9285848,3.31
11,223326594,"RUA VEREADOR JOSE ROSINHA 255, 255, PRIMAVERAS",5.6,30.5,False,,,,,,JA_PROCESSADO_PULADO,,QMb-ziRnr_kTTEOhqcsIJg,-19.6166173,-46.9281964,2.47
12,221094176,"RUA VEREADOR JOSE ROSINHA 90, 90, PRIMAVERAS",16.3,111.1,True,"confirmar - distancia (16.3m, 111 graus) e rumo (16.9m, 57 graus) nao concordam com confianca",REVISAO_AUTOMATICA,"COD ID_221094176!! (confirmar - distancia (16.3m, 111 graus) e rumo (16.9m, 57 graus) nao concordam com confianca).jpg",fallback_center,4834,OK,11.6,npp1orsM9cR7Q3_TfGgyog,-19.6165096,-46.9297385,31.13
13,224219887,"RUA VEREADOR JOSE ROSINHA 65, 65, PRIMAVERAS",25.3,24.7,False,"cod_id escolhido pelo rumo, nao pela distancia (mais proximo a 14.8m tinha 145 graus de diferenca de rumo)",,,,,JA_PROCESSADO_PULADO,,v54Ms2r9PyYml7LYs8ikWw,-19.6164913,-46.9300328,302.11
14,223116798,"RUA VEREADOR JOSE ROSINHA 30, 30, PRIMAVERAS",9.7,124.6,True,"confirmar - distancia (9.7m, 125 graus) e rumo (24.8m, 35 graus) nao concordam com confianca",REVISAO_AUTOMATICA,"COD ID_223116798!! (confirmar - distancia (9.7m, 125 graus) e rumo (24.8m, 35 graus) nao concordam com confianca).jpg",fallback_center,9158,OK,10.9,CqpZS_j5fxOe7tBuIW9LqA,-19.6164688,-46.9305092,53.58
15,223255451,"RUA VEREADOR JOSE ROSINHA 25, 25, PRIMAVERAS",29.8,8.8,False,"cod_id escolhido pelo rumo, nao pela distancia (mais proximo a 12.8m tinha 144 graus de diferenca de rumo)",,,,,JA_PROCESSADO_PULADO,,7mY0x0S-9RGuKc5-P4-Mfg,-19.6164578,-46.9307171,297.2
16,223255451,"RUA VEREADOR JOSE ROSINHA 25, 25, PRIMAVERAS",7.4,30.9,False,,,,,,JA_PROCESSADO_PULADO,,RaWGosqtJGn9XE0x5EyzXQ,-19.6163693,-46.9310568,124.24
17,223116795,"RUA VEREADOR JOSE ROSINHA 240, 240, PRIMAVERAS",3.2,153.2,True,"confirmar - distancia (3.2m, 153 graus) e rumo (87.2m, 51 graus) nao concordam com confianca",REVISAO_AUTOMATICA,"COD ID_223116795!! (confirmar - distancia (3.2m, 153 graus) e rumo (87.2m, 51 graus) nao concordam com confianca).jpg",fallback_center,12741,OK,10.8,CEVkBfJPgNQpZcVJvzxoqQ,-19.6168599,-46.9281882,242.89
18,219090086,"RUA EDSON APARECIDO DE SOUZA 235, 235, PRIMAVERAS",7.8,72.0,True,"confirmar - poste mais proximo (7.8m) tem 72 graus de diferenca de rumo, mas esta perto o suficiente pra ser so ruido de GPS",REVISAO_AUTOMATICA,"COD ID_219090086!! (confirmar - poste mais proximo (7.8m) tem 72 graus de diferenca de rumo, mas esta perto o suficiente pra ser so ruido de GPS).jpg",fallback_center,12707,OK,10.7,nXIuk0AHrj2i41bmlfVk4g,-19.6171679,-46.9282077,233.82
19,2650511978,"RUA PEDRO RUFINO BORGES 85, 85, PRIMAVERAS",8.0,80.9,True,"confirmar - distancia (8.0m, 81 graus) e rumo (31.1m, 57 graus) nao concordam com confianca",,,,,JA_PROCESSADO_PULADO,,lI1H4XzYEv2jNC3gLc6BOg,-19.6173037,-46.9271401,223.71
20,2650511978,"RUA PEDRO RUFINO BORGES 85, 85, PRIMAVERAS",5.5,8.3,False,,,,,,JA_PROCESSADO_PULADO,,NnMdVGh-ABBIX-DRkahzcQ,-19.6172251,-46.9271696,211.63
21,2650511985,"RUA MARIA DE LOURDES DE JESUS 80, 80, PRIMAVERAS",7.9,2.6,False,,,,,,JA_PROCESSADO_PULADO,,b6rGHCI_J07Ty5-NeAE8IA,-19.6169551,-46.9271479,208.57
22,223326570,"RUA MARIA DE LOURDES DE JESUS 80, 80, PRIMAVERAS",13.0,1.5,False,,,,,,JA_PROCESSADO_PULADO,,uxj7KABO8SFD-aPOJNf-YA,-19.616862,-46.9271407,348.55
23,221889355,"RUA MARIA DE LOURDES DE JESUS 105, 105, PRIMAVERAS",10.5,5.4,False,,,,,,JA_PROCESSADO_PULADO,,_qYZ59N7CmibdaLiM-vOdw,-19.6168349,-46.9267525,318.68
24,220081181,"RUA MARIA DE LOURDES DE JESUS 125, 125, PRIMAVERAS",6.5,0.6,False,,,,,,JA_PROCESSADO_PULADO,,jN75oI15nVUC6SU5wOE19w,-19.6168501,-46.9264632,359.15
25,224219885,"RUA MARIA DE LOURDES DE JESUS 155, 155, PRIMAVERAS",7.2,21.3,False,,,,,,JA_PROCESSADO_PULADO,,sWuEEgfpzVJKMSPtdFpfgw,-19.6168722,-46.9260811,312.91
26,223116784,"RUA MARIA DE LOURDES DE JESUS 185, 185, PRIMAVERAS",9.4,9.7,False,,,,,,JA_PROCESSADO_PULADO,,SoCtxGaHmW0TZuuneGT1AA,-19.6168919,-46.9256911,301.89
27,224219884,"RUA MARIA DE LOURDES DE JESUS 215, 215, PRIMAVERAS",3.8,25.9,False,,,,,,JA_PROCESSADO_PULADO,,PNKjr2ISXU8FlszdcLi5UQ,-19.6168429,-46.9253604,234.79
28,221094171,"RUA ELIAS ABDANUR 15, 15, PRIMAVERAS",9.3,4.9,False,,,,,,JA_PROCESSADO_PULADO,,vp5e-QOU7RwVuOWelpH-Hw,-19.6165596,-46.9253394,205.37
