cod_id;poste_numero;na_fila_de_links
1047018902;1756;SIM
1496652680;383;SIM
1496652820;597;SIM
1496652853;620;NAO
1496652914;751;SIM
1496652915;666;SIM
1496653001;854;SIM
1496653010;799;SIM
1496653037;773;SIM
1496653240;701;SIM
1496653242;718;SIM
1496653268;803;SIM
1496653279;863;SIM
1496653285;920;SIM
1496653649;946;SIM
1496653651;961;SIM
1496653706;965;SIM
1496653707;1008;SIM
1496654046;441;SIM
1496656391;403;SIM
1496656397;916;SIM
1637186367;893;SIM
1684853981;3452;NAO
219088844;1274;SIM
219090082;304;SIM
219090086;281;SIM
219298047;535;SIM
219298050;615;SIM
219298056;163;SIM
219298062;320;SIM
219298069;789;SIM
219298070;1081;SIM
219298074;1355;SIM
219298078;301;SIM
219298085;1240;SIM
219298133;1602;SIM
219298134;1318;SIM
219298157;602;SIM
219298158;559;SIM
219298162;1398;SIM
219298163;1252;SIM
219298164;1410;SIM
219298165;1507;SIM
219298172;336;SIM
219298174;134;SIM
219298177;1536;SIM
219298184;1749;SIM
219298197;1894;SIM
219298199;1842;SIM
219298202;1171;NAO
219298203;1417;SIM
219298205;681;SIM
219298207;712;SIM
219298208;131;SIM
219298209;1562;SIM
219298217;808;SIM
219298218;921;SIM
219298221;1902;SIM
219298222;88;SIM
219298244;1308;SIM
219298247;3029;NAO
219298278;2562;NAO
219298283;2454;NAO
219298292;1051;SIM
219298296;1207;SIM
219298305;995;SIM
219298314;57;SIM
219298339;1854;SIM
219298342;2097;SIM
219298344;2035;SIM
219298348;1133;SIM
219298349;601;SIM
219298360;2197;SIM
219298372;1746;SIM
219298373;2254;SIM
219298377;1368;SIM
219298379;953;SIM
219298386;1048;SIM
219298393;1964;SIM
219298708;838;SIM
219298737;458;SIM
219298739;407;SIM
219298740;490;SIM
219298741;381;SIM
219298767;551;SIM
219298786;360;SIM
219298788;222;SIM
219298798;425;SIM
219384760;695;SIM
219384761;675;SIM
219384929;2798;NAO
219384968;558;SIM
219384971;369;SIM
219385014;318;SIM
219385242;753;SIM
219385251;692;SIM
219386127;605;SIM
219386224;411;SIM
219386225;377;SIM
219386226;442;SIM
219386231;506;SIM
219386235;400;SIM
219386635;13;SIM
219386636;14;SIM
219386653;34;SIM
219386689;1659;SIM
219386712;1673;SIM
219386836;19;SIM
219386837;8;SIM
219386839;70;SIM
219386840;77;SIM
219386841;265;SIM
219386842;359;SIM
219387212;410;SIM
219654654;339;SIM
219654655;93;SIM
219654656;181;SIM
219654657;87;SIM
219654658;145;SIM
219654660;649;SIM
219654661;450;SIM
219654662;296;SIM
219654663;254;SIM
219654785;183;SIM
219654787;54;SIM
219654825;1630;SIM
219745625;247;SIM
219916432;63;SIM
219991159;596;SIM
219991161;716;SIM
219991165;836;SIM
219991168;699;SIM
219991169;370;SIM
219991170;555;SIM
219991188;405;SIM
219991193;275;SIM
219991634;59;SIM
219991640;83;SIM
219991641;45;SIM
219991665;1369;SIM
219991666;114;SIM
219991668;231;SIM
219991696;1290;SIM
219991716;1215;SIM
219991733;79;SIM
219991734;36;SIM
219991739;2415;NAO
219991758;1267;SIM
219991759;678;SIM
219991772;2285;SIM
219991784;742;SIM
219991788;1625;SIM
219991790;1959;SIM
219991791;1775;SIM
219991803;350;SIM
219991805;433;SIM
219991810;568;SIM
219991811;344;SIM
219991824;1292;SIM
219991828;752;SIM
219991835;152;SIM
219991837;1071;SIM
219991859;772;SIM
219991891;719;SIM
219991897;1611;SIM
219991901;60;SIM
219991907;1545;SIM
219991908;1429;SIM
219991910;1374;SIM
219991911;1704;SIM
219991918;123;SIM
219991919;102;SIM
219991921;1210;SIM
219991922;1616;SIM
219991926;541;SIM
219991928;538;SIM
219991935;1773;SIM
219991938;1913;SIM
219991945;957;SIM
219991946;635;SIM
219991947;1166;SIM
219991948;1004;SIM
219991953;1655;SIM
219991954;1804;SIM
219991955;1356;SIM
219991956;268;SIM
219991957;115;SIM
219991960;1869;SIM
219991964;1937;SIM
219991970;873;SIM
219992413;2078;NAO
219992421;567;SIM
219992424;475;SIM
219992477;322;SIM
219992479;311;SIM
219992481;372;SIM
219992770;1023;SIM
219992817;537;SIM
219992818;934;SIM
219992906;3233;NAO
219993025;202;SIM
219993026;185;SIM
220081179;380;SIM
220081181;238;SIM
220081185;422;SIM
220247378;81;SIM
220247379;2;SIM
220247385;804;SIM
220247386;744;SIM
220247480;4;SIM
220247543;1647;SIM
220247547;1691;SIM
220247551;1119;SIM
220319553;1887;SIM
220559481;1028;SIM
220638855;367;SIM
220638856;459;SIM
220638860;323;SIM
220638861;144;SIM
220638862;385;SIM
220638863;160;SIM
220638864;499;SIM
220638865;533;SIM
220638982;170;SIM
220638987;55;SIM
220639657;310;SIM
220776877;1011;SIM
220780047;209;SIM
220780062;780;SIM
220780081;1255;SIM
220780105;1431;SIM
220780108;1505;SIM
220780109;1467;SIM
220780111;1758;SIM
220780112;1247;SIM
220780117;286;SIM
220780122;1763;SIM
220780132;1597;SIM
220780141;868;SIM
220780146;781;SIM
220780147;113;SIM
220780150;179;SIM
220780151;91;SIM
220780156;394;SIM
220780157;1725;SIM
220780160;1929;SIM
220780161;1778;SIM
220780172;1186;SIM
220780173;1065;SIM
220780175;1798;SIM
220780176;575;SIM
220780177;656;SIM
220780178;1427;SIM
220780179;162;SIM
220780180;107;SIM
220780181;1024;SIM
220780197;1932;SIM
220780198;1908;SIM
220780207;138;SIM
220780222;103;SIM
220780223;49;SIM
220780258;935;SIM
220780259;1366;SIM
220780281;987;SIM
220780282;1190;SIM
220780285;1116;SIM
220853308;891;SIM
220853309;1548;SIM
220853320;2057;SIM
220853322;2340;SIM
220853324;1675;SIM
220853325;1434;SIM
220853333;1653;SIM
220853334;50;SIM
220853336;97;SIM
220853350;766;SIM
220853351;1104;SIM
220853674;862;SIM
220853694;259;SIM
220853698;274;SIM
220853734;650;SIM
220853775;436;SIM
220854075;326;SIM
220854076;200;SIM
220854113;153;SIM
220854114;119;SIM
220854182;996;SIM
220854245;819;SIM
220855406;962;NAO
220855408;667;SIM
220855413;586;SIM
220855416;315;SIM
220855417;376;SIM
220855478;530;SIM
220857114;327;SIM
220857115;86;SIM
220857117;842;SIM
220857118;685;SIM
220857122;61;SIM
220857124;7;SIM
220857293;10;SIM
220930865;445;SIM
220930871;644;SIM
221094171;177;SIM
221094173;479;SIM
221094176;524;SIM
221371071;550;SIM
221528455;276;SIM
221528456;665;SIM
221528457;105;SIM
221528458;580;SIM
221528459;365;SIM
221528460;234;SIM
221528461;261;SIM
221528492;189;SIM
221528607;110;SIM
221528611;171;SIM
221529250;197;SIM
221621550;1330;SIM
221621551;1286;SIM
221621552;1430;SIM
221621580;853;SIM
221621582;756;SIM
221621583;721;SIM
221621584;282;SIM
221621629;1613;SIM
221621630;824;SIM
221621631;46;SIM
221621636;518;SIM
221621640;512;SIM
221621644;1540;SIM
221621646;1455;SIM
221621649;1708;SIM
221621656;1129;SIM
221621657;85;SIM
221621660;1487;SIM
221621667;1944;SIM
221621671;1779;SIM
221621687;39;SIM
221621692;1418;SIM
221621693;1499;SIM
221621699;205;SIM
221621700;1235;SIM
221621701;1131;SIM
221621702;1843;SIM
221621705;612;SIM
221621708;1920;SIM
221621711;1138;SIM
221621712;1021;SIM
221621718;69;SIM
221621725;290;SIM
221621745;658;SIM
221621751;1646;SIM
221621752;1632;SIM
221621755;47;SIM
221621781;1101;SIM
221621785;1287;SIM
221621786;1315;SIM
221621789;954;SIM
221621797;837;SIM
221621817;1888;SIM
221621835;2136;SIM
221621839;1608;SIM
221621840;1674;SIM
221621841;1424;SIM
221621853;1345;SIM
221621855;1043;SIM
221621857;919;SIM
221621861;2033;SIM
221703618;754;SIM
221703714;888;SIM
221704100;289;SIM
221704202;229;SIM
221704410;250;SIM
221704431;748;SIM
221704432;771;SIM
221704434;630;SIM
221705428;373;SIM
221705429;638;SIM
221705430;774;SIM
221705431;689;SIM
221705432;883;SIM
221705434;491;SIM
221705466;507;SIM
221705467;321;SIM
221807156;193;SIM
221807160;11;SIM
221807227;1189;SIM
221807360;297;SIM
221807361;1054;SIM
221807362;796;SIM
221807364;623;SIM
221807369;5;SIM
221807372;41;SIM
221807373;124;SIM
221807374;84;SIM
221807689;616;SIM
221889355;271;SIM
221891614;224;SIM
221986467;118;SIM
221986468;384;SIM
221986469;175;SIM
221986470;331;SIM
221986471;273;SIM
221986472;429;SIM
221986474;594;SIM
221986475;313;SIM
221986476;324;SIM
221986637;82;SIM
222073141;220;SIM
222494412;964;SIM
222494415;737;SIM
222494429;702;SIM
222494450;255;SIM
222494479;1781;SIM
222494480;1493;SIM
222494493;1706;SIM
222494496;1234;SIM
222494504;1943;SIM
222494508;232;SIM
222494509;260;SIM
222494510;1183;SIM
222494512;1478;SIM
222494514;1293;SIM
222494515;471;SIM
222494528;621;SIM
222494530;1298;SIM
222494539;139;SIM
222494540;1469;SIM
222494541;1566;SIM
222494546;108;SIM
222494551;1476;SIM
222494561;1411;SIM
222494562;1302;SIM
222494575;190;SIM
222494579;42;SIM
222494594;1146;SIM
222494603;1510;SIM
222494604;1573;SIM
222494638;1094;SIM
222494639;1322;SIM
222494665;2108;SIM
222494666;2360;SIM
222494677;1945;SIM
222494695;1085;SIM
222494698;970;SIM
222494702;966;SIM
222494704;1112;SIM
222494705;1179;SIM
222494706;1212;SIM
222494710;1731;SIM
222494718;1670;SIM
222494719;2434;SIM
222494762;528;SIM
222494763;648;SIM
222494765;593;SIM
222494766;548;SIM
222495068;1097;SIM
222495069;1158;SIM
222495106;927;SIM
222495113;733;SIM
222495163;309;SIM
222495168;375;SIM
222495500;619;SIM
222495517;233;SIM
222495521;236;SIM
222495590;734;SIM
222496661;505;SIM
222496662;642;SIM
222496663;705;SIM
222496664;652;SIM
222496676;569;SIM
222496677;651;SIM
222496679;911;SIM
222496784;574;SIM
222496788;352;SIM
222571817;206;SIM
222571819;427;SIM
222571820;214;SIM
222571821;603;SIM
222571822;78;SIM
222571823;263;SIM
222571824;109;SIM
222571825;135;SIM
222571929;142;SIM
222571930;106;SIM
222573859;1440;SIM
222733198;502;SIM
222733199;264;SIM
222733200;717;SIM
222733201;898;SIM
222733202;421;SIM
222733203;914;SIM
222733204;910;SIM
222733205;956;SIM
222733210;3;SIM
222733211;9;SIM
222733213;141;SIM
222733215;24;SIM
222733216;32;SIM
222733217;122;SIM
222733218;89;SIM
222733357;15;SIM
222733358;20;SIM
222733407;811;SIM
222733421;1660;SIM
222886700;397;NAO
223044168;1676;SIM
223116784;173;SIM
223116795;353;SIM
223116798;573;SIM
223255148;6;SIM
223255150;166;SIM
223255153;28;SIM
223255159;469;SIM
223255160;228;SIM
223255161;419;SIM
223255163;975;SIM
223255164;199;SIM
223255165;227;SIM
223255166;143;SIM
223255167;556;SIM
223255168;329;SIM
223255299;266;SIM
223255310;22;SIM
223255396;37;SIM
223255413;1362;SIM
223255425;1123;SIM
223255441;834;SIM
223255444;1769;SIM
223255451;617;SIM
223326570;305;SIM
223326594;398;SIM
223390160;1948;SIM
223390161;1851;SIM
223390162;1570;SIM
223390170;958;SIM
223390175;1300;SIM
223390180;235;SIM
223390182;270;SIM
223390187;1634;SIM
223390188;1310;SIM
223390192;727;SIM
223390200;1375;SIM
223390208;1727;SIM
223390212;72;SIM
223390213;158;SIM
223390215;1297;SIM
223390219;669;SIM
223390221;495;SIM
223390222;474;SIM
223390223;230;SIM
223390309;1663;SIM
223390343;1052;SIM
223390359;343;SIM
223390365;723;SIM
223390366;1191;SIM
223390367;1068;SIM
223390375;1072;SIM
223390377;915;SIM
223390383;1178;SIM
223390384;1110;SIM
223390385;446;SIM
223390393;2009;SIM
223390400;2417;SIM
223390401;1498;SIM
223390403;2200;SIM
223390407;1495;SIM
223390420;949;SIM
223390423;1348;SIM
223390424;1474;SIM
223390425;1797;SIM
223390429;1805;SIM
223390434;741;SIM
223390435;758;SIM
223390438;1626;SIM
223390439;1927;SIM
223390442;186;SIM
223390443;1347;SIM
223390444;788;SIM
223390447;843;SIM
223390457;963;SIM
223390788;2563;NAO
223390936;477;SIM
223390937;462;SIM
223390939;201;SIM
223390944;349;SIM
223390964;631;SIM
223391030;539;SIM
223455479;839;SIM
223455588;269;SIM
223455601;65;SIM
223455759;1122;SIM
223455761;1118;SIM
223455766;1047;SIM
223455872;355;SIM
223455886;622;SIM
223455891;687;SIM
223456738;646;SIM
223456739;395;SIM
223456740;396;SIM
223456897;342;SIM
223456898;449;SIM
223456899;743;SIM
223456903;769;SIM
223456904;684;SIM
223456906;525;SIM
223520254;1196;SIM
223636423;1296;SIM
223637324;624;SIM
223694251;267;SIM
223694252;120;SIM
223694253;128;SIM
223694254;149;SIM
223694255;451;SIM
223694256;180;SIM
223694258;362;SIM
223694259;636;SIM
223694384;140;SIM
223694389;240;SIM
223751195;1070;SIM
223976714;468;SIM
223976715;674;SIM
223976724;30;SIM
223976725;31;SIM
223976739;1946;SIM
223976740;1822;SIM
223976748;1323;SIM
223976760;827;SIM
223976769;1044;SIM
223976773;1335;SIM
223976774;1401;SIM
223976777;1534;SIM
223976785;1803;SIM
223976789;1277;SIM
223976790;1378;SIM
223976791;1452;SIM
223976793;272;SIM
223976795;423;SIM
223976796;188;SIM
223976797;504;SIM
223976811;406;SIM
223976812;312;SIM
223976914;1165;SIM
223976915;1304;SIM
223976916;813;SIM
223976917;1364;SIM
223976918;1148;SIM
223976984;1415;SIM
223976985;1169;SIM
223977025;1542;SIM
223977026;1612;SIM
223977028;2448;SIM
223977029;1667;SIM
223977031;973;SIM
223977036;1367;SIM
223977037;1574;SIM
223977043;1837;SIM
223977049;1686;SIM
223977050;1319;SIM
223977051;1392;SIM
223977052;830;SIM
223977056;210;SIM
223977057;1447;SIM
223977058;923;SIM
223977059;1245;SIM
223977065;1972;SIM
223977258;974;SIM
223977537;337;SIM
223977634;759;SIM
223977672;607;SIM
223977700;242;SIM
223977706;443;SIM
223977709;511;SIM
223977792;165;SIM
223977793;218;SIM
223977808;38;SIM
223978077;483;SIM
223978086;439;SIM
223978087;404;SIM
223978116;686;SIM
223978118;884;SIM
223978120;887;SIM
223978968;452;SIM
223978969;299;SIM
223979083;960;SIM
223979086;401;SIM
223979096;816;SIM
223979097;604;SIM
223979100;557;SIM
223979101;464;SIM
224053472;1226;SIM
224102695;17;SIM
224102698;26;SIM
224102760;1413;SIM
224102774;865;SIM
224102780;1777;SIM
224102784;1680;SIM
224102790;1136;SIM
224102913;393;SIM
224102914;340;SIM
224102915;363;SIM
224102916;457;SIM
224102917;104;SIM
224102918;192;SIM
224102924;388;SIM
224102928;1;SIM
224102929;12;SIM
224136277;1208;SIM
224219884;154;SIM
224219885;204;SIM
224219886;361;SIM
224219887;549;SIM
224223345;76;SIM
224223346;194;SIM
224223347;159;SIM
224223348;95;SIM
224223350;515;SIM
224223351;219;SIM
224292420;167;SIM
224292421;298;SIM
224292423;849;SIM
224292427;16;SIM
224292585;18;SIM
224292589;29;SIM
224292619;1688;SIM
224292622;1693;SIM
224318020;147;SIM
224318021;1436;SIM
224318026;414;SIM
224318029;726;SIM
224318045;1325;SIM
224318046;1144;SIM
224318049;217;SIM
224318050;258;SIM
224318054;1363;SIM
224318056;1683;SIM
224318057;1565;SIM
224318063;148;SIM
224318064;195;SIM
224318065;1865;SIM
224318066;1764;SIM
224318068;2023;SIM
224318077;1590;SIM
224318079;1971;SIM
224318089;332;SIM
224318090;379;SIM
224318091;1067;SIM
224318092;1063;SIM
224318094;100;SIM
224318101;1729;SIM
224318103;768;SIM
224318105;566;SIM
224318106;779;SIM
224318110;967;SIM
224318114;463;SIM
224318116;176;SIM
224318139;1197;SIM
224318143;386;SIM
224318144;317;SIM
224318149;806;SIM
224318217;243;SIM
224318222;74;SIM
224318223;56;SIM
224318251;1030;SIM
224318252;978;SIM
224318253;703;SIM
224318262;894;SIM
224318274;1027;SIM
224318276;1391;SIM
224318311;521;SIM
224318314;1088;SIM
224318337;1898;SIM
224318340;1970;SIM
224318346;1515;SIM
224318347;1260;SIM
224318363;2140;SIM
224318367;1479;SIM
224318368;1954;SIM
224318372;959;SIM
224318373;818;SIM
224318382;21;SIM
224318384;1871;SIM
224318387;1827;SIM
224318390;2058;SIM
224318391;2051;SIM
224357522;729;SIM
224357544;576;SIM
224357555;333;SIM
224357561;497;SIM
224357563;465;SIM
224357564;473;SIM
224357594;587;SIM
224357628;800;SIM
224357647;516;SIM
224357653;461;SIM
224357759;1151;NAO
224357787;133;SIM
224357788;164;SIM
224357789;150;SIM
224358040;523;SIM
224358041;371;SIM
224358115;867;SIM
224358117;561;SIM
224359052;698;SIM
224359054;431;SIM
224387533;335;SIM
224390601;1321;SIM
224413417;454;SIM
224413418;416;SIM
224495756;1890;SIM
224495803;526;SIM
224495804;252;SIM
224495806;291;SIM
224495807;579;SIM
224495808;358;SIM
224495809;544;SIM
224495810;325;SIM
224495811;390;SIM
224495812;244;SIM
224495920;182;SIM
224495926;212;SIM
2569577817;226;SIM
2582969888;663;SIM
2582969890;589;SIM
2582969894;529;SIM
2650511978;208;SIM
2650511985;253;SIM
350236506;52;SIM
350236509;487;SIM
350236523;1009;SIM
350236561;198;SIM
350236563;2055;SIM
350236565;909;SIM
350236571;1124;NAO
350236584;161;SIM
350236589;1006;NAO
350236609;334;NAO
350236610;2159;NAO
350236623;735;SIM
350236635;1730;NAO
350236636;2707;NAO
350236640;2066;NAO
350236642;1400;NAO
350236654;1244;SIM
350236667;2252;NAO
350236669;1808;SIM
350236671;1841;SIM
350236676;262;SIM
350236699;2735;NAO
350236700;1351;NAO
350236704;2305;NAO
350236705;3505;NAO
350236708;577;NAO
350236709;456;NAO
350236720;3168;NAO
350237766;2117;NAO
452630541;1130;SIM
452630933;1180;SIM
452630956;1303;SIM
452630962;1324;SIM
452630985;1384;SIM
452631008;1454;SIM
452631011;1419;SIM
452631075;1669;SIM
452631306;2032;SIM
452631358;2147;SIM
452631385;2100;SIM
452631409;2255;SIM
452631449;2121;SIM
452632476;2311;SIM
575503350;673;SIM
607811406;1696;SIM
612500464;1249;SIM
680339549;664;NAO
817706420;1456;SIM
817706421;1457;SIM
817706424;1504;SIM
817706425;1614;SIM
922742634;885;SIM
922742665;785;SIM
992635467;1334;SIM
